/*
 Navicat Premium Data Transfer

 Source Server         : test  passwd12345678
 Source Server Type    : MySQL
 Source Server Version : 80025
 Source Host           : localhost:3306
 Source Schema         : new

 Target Server Type    : MySQL
 Target Server Version : 80025
 File Encoding         : 65001

 Date: 19/07/2021 08:53:46
*/

SET NAMES utf8mb4;
SET FOREIGN_KEY_CHECKS = 0;

-- ----------------------------
-- Table structure for customers
-- ----------------------------
DROP TABLE IF EXISTS `customers`;
CREATE TABLE `customers`  (
  `customerIDCard` char(18) CHARACTER SET utf8 COLLATE utf8_bin NOT NULL,
  `customerGender` char(4) CHARACTER SET utf8 COLLATE utf8_bin NULL DEFAULT NULL,
  `customerName` varchar(16) CHARACTER SET utf8 COLLATE utf8_bin NOT NULL,
  `customerBirthday` date NULL DEFAULT NULL,
  `customerVIPLevel` smallint NULL DEFAULT NULL,
  `customerPhoneNumber` char(11) CHARACTER SET utf8 COLLATE utf8_bin NULL DEFAULT NULL,
  `totalAmount` int UNSIGNED NULL DEFAULT NULL,
  `remarks` varchar(32) CHARACTER SET utf8 COLLATE utf8_bin NULL DEFAULT NULL,
  PRIMARY KEY (`customerIDCard`) USING BTREE,
  INDEX `indexCustomerName`(`customerName`) USING BTREE,
  INDEX `indexCustomerPhoneNumber`(`customerPhoneNumber`) USING BTREE,
  INDEX `indexCustomerVIPLevel`(`customerVIPLevel`) USING BTREE,
  CONSTRAINT `customers_ibfk_1` FOREIGN KEY (`customerVIPLevel`) REFERENCES `viplevel` (`level`) ON DELETE RESTRICT ON UPDATE RESTRICT
) ENGINE = InnoDB CHARACTER SET = utf8 COLLATE = utf8_bin ROW_FORMAT = Dynamic;

-- ----------------------------
-- Records of customers
-- ----------------------------
INSERT INTO `customers` VALUES ('111639199807100500', '男', '窦新建', '1998-07-10', 3, '13575187476', 594, NULL);
INSERT INTO `customers` VALUES ('112139198205118446', '女', '穆天赫', '1982-05-11', 4, '13834928143', 1164, NULL);
INSERT INTO `customers` VALUES ('112811198607218708', '女', '姜子辰', '1986-07-21', 2, '13042163870', 464, NULL);
INSERT INTO `customers` VALUES ('113281199707060516', '男', '孙伟洋', '1997-07-06', 2, '13009154290', 200, NULL);
INSERT INTO `customers` VALUES ('116547199202222774', '女', '卜益帆', '1992-02-22', 2, '13090143190', 206, NULL);
INSERT INTO `customers` VALUES ('116593199409193331', '男', '严一鸣', '1994-09-19', 2, '13188764708', 414, NULL);
INSERT INTO `customers` VALUES ('117374199701255385', '男', '李伟洋', '1997-01-25', 4, '13815812419', 1008, NULL);
INSERT INTO `customers` VALUES ('117795199607112808', '男', '施佳琪', '1996-07-11', 2, '13838120531', 408, NULL);
INSERT INTO `customers` VALUES ('119321199006213385', '男', '顾汝鑫', '1990-06-21', 3, '13335671903', 976, NULL);
INSERT INTO `customers` VALUES ('119398198504078840', '女', '水紫轩', '1985-04-07', 4, '13757566715', 1150, NULL);
INSERT INTO `customers` VALUES ('119919199001079843', '女', '汤萌萌', '1990-01-07', 3, '13785881547', 838, NULL);
INSERT INTO `customers` VALUES ('121217199707056428', '女', '葛美欣', '1997-07-05', 2, '13544287474', 276, NULL);
INSERT INTO `customers` VALUES ('121268198003217348', '男', '云佳毅', '1980-03-21', 3, '13886587838', 536, NULL);
INSERT INTO `customers` VALUES ('121393198005222994', '女', '和泽远', '1980-05-22', 3, '13316055283', 524, NULL);
INSERT INTO `customers` VALUES ('122883198408091429', '男', '潘文昊', '1984-08-09', 2, '13175757192', 471, NULL);
INSERT INTO `customers` VALUES ('123564199703038620', '女', '陈天昊', '1997-03-03', 3, '13777461597', 804, NULL);
INSERT INTO `customers` VALUES ('124417199404086703', '女', '吕榕汕', '1994-04-08', 3, '13280015842', 970, NULL);
INSERT INTO `customers` VALUES ('124468198704091171', '女', '卫榕汕', '1987-04-09', 3, '13276469857', 714, NULL);
INSERT INTO `customers` VALUES ('124683198704107609', '男', '秦润丽', '1987-04-10', 4, '13320011712', 1028, NULL);
INSERT INTO `customers` VALUES ('124892199708201194', '男', '严东东', '1997-08-20', 3, '18969817864', 662, NULL);
INSERT INTO `customers` VALUES ('125812199907168058', '男', '毕昊轩', '1999-07-16', 3, '13825249774', 964, NULL);
INSERT INTO `customers` VALUES ('127141199105112525', '男', '李新建', '1991-05-11', 2, '13083311476', 386, NULL);
INSERT INTO `customers` VALUES ('127772198709188363', '男', '水慧嘉', '1987-09-18', 4, '13378526675', 1076, NULL);
INSERT INTO `customers` VALUES ('128732199803182333', '男', '方润丽', '1998-03-18', 2, '13076534693', 480, NULL);
INSERT INTO `customers` VALUES ('131494199509266331', '女', '章子辰', '1995-09-26', 4, '17092516919', 1010, NULL);
INSERT INTO `customers` VALUES ('132499199806242013', '男', '邹淑华', '1998-06-24', 4, '13170170500', 1030, NULL);
INSERT INTO `customers` VALUES ('133112198903048902', '男', '顾贺祥', '1989-03-04', 4, '17074717520', 1082, NULL);
INSERT INTO `customers` VALUES ('134491198609263145', '女', '殷晶滢', '1986-09-26', 3, '18745621521', 746, NULL);
INSERT INTO `customers` VALUES ('13459319890915714X', '男', '苏建政', '1989-09-15', 3, '13197797104', 642, NULL);
INSERT INTO `customers` VALUES ('136967198604096105', '男', '鲁东东', '1986-04-09', 3, '13001125116', 886, NULL);
INSERT INTO `customers` VALUES ('141651199906037375', '男', '吴熙涵', '1999-06-03', 3, '13269020159', 518, NULL);
INSERT INTO `customers` VALUES ('144653198901035101', '男', '陈冰洁', '1989-01-03', 4, '13375327593', 1096, NULL);
INSERT INTO `customers` VALUES ('145943199003072911', '男', '奚翔', '1990-03-07', 2, '13275103687', 306, NULL);
INSERT INTO `customers` VALUES ('147835199306011514', '女', '孔嘉怡', '1993-06-01', 2, '13388324921', 308, NULL);
INSERT INTO `customers` VALUES ('148785198107261750', '女', '韦佳怡', '1981-07-26', 2, '18963512701', 454, NULL);
INSERT INTO `customers` VALUES ('151786199708044483', '男', '韩益帆', '1997-08-04', 3, '13859533336', 918, NULL);
INSERT INTO `customers` VALUES ('152757198006250797', '女', '酆忠林', '1980-06-25', 4, '13707156845', 1106, NULL);
INSERT INTO `customers` VALUES ('153347198106218686', '男', '殷晶莹', '1981-06-21', 2, '13136988074', 294, NULL);
INSERT INTO `customers` VALUES ('154851198603221256', '女', '沈天赫', '1986-03-22', 3, '13173803272', 988, NULL);
INSERT INTO `customers` VALUES ('155975199304221565', '男', '云慧嘉', '1993-04-22', 2, '13133438476', 236, NULL);
INSERT INTO `customers` VALUES ('156658198804042508', '男', '尤雨涵', '1988-04-04', 3, '13592443382', 826, NULL);
INSERT INTO `customers` VALUES ('157881198406260302', '女', '皮一鸣', '1984-06-26', 3, '13383075428', 744, NULL);
INSERT INTO `customers` VALUES ('159121199105247966', '女', '柳添昊', '1991-05-24', 2, '13325570638', 236, NULL);
INSERT INTO `customers` VALUES ('159826199803161799', '女', '殷冰枫', '1998-03-16', 2, '13536821485', 468, NULL);
INSERT INTO `customers` VALUES ('161298198602224000', '女', '奚国栋', '1986-02-22', 3, '13772415305', 666, NULL);
INSERT INTO `customers` VALUES ('161734198708194765', '女', '任汝鑫', '1987-08-19', 3, '13765352097', 708, NULL);
INSERT INTO `customers` VALUES ('162841199109121323', '女', '柏雅涵', '1991-09-12', 3, '13283704977', 612, NULL);
INSERT INTO `customers` VALUES ('162862199809012218', '女', '方嘉怡', '1998-09-01', 3, '17079570727', 660, NULL);
INSERT INTO `customers` VALUES ('162933198302018943', '男', '花泽远', '1983-02-01', 3, '13547100606', 684, NULL);
INSERT INTO `customers` VALUES ('164718199703206138', '女', '岑雨泽', '1997-03-20', 3, '18784851108', 512, NULL);
INSERT INTO `customers` VALUES ('165113199008108487', '女', '杨国贤', '1990-08-10', 3, '18782954087', 501, NULL);
INSERT INTO `customers` VALUES ('16586719840617188X', '男', '平凌晶', '1984-06-17', 4, '18725175130', 1008, NULL);
INSERT INTO `customers` VALUES ('166178199803082377', '女', '倪添昊', '1998-03-08', 2, '13801873270', 422, NULL);
INSERT INTO `customers` VALUES ('166344199806272747', '男', '范萌萌', '1998-06-27', 2, '18940239979', 368, NULL);
INSERT INTO `customers` VALUES ('166389198903086215', '男', '曹诗悦', '1989-03-08', 2, '18716762949', 202, NULL);
INSERT INTO `customers` VALUES ('166572198609104367', '男', '贺涵涵', '1986-09-10', 3, '18756549262', 912, NULL);
INSERT INTO `customers` VALUES ('167553198903266078', '男', '云佳玉', '1989-03-26', 3, '13835643090', 968, NULL);
INSERT INTO `customers` VALUES ('168835198309195822', '男', '孔尚', '1983-09-19', 3, '13034960988', 672, NULL);
INSERT INTO `customers` VALUES ('169229199606215653', '女', '汤宜豪', '1996-06-21', 3, '18959404039', 722, NULL);
INSERT INTO `customers` VALUES ('169242199802151168', '女', '滕欣慧', '1998-02-15', 3, '13317277181', 918, NULL);
INSERT INTO `customers` VALUES ('173135199201268464', '女', '陶国贤', '1992-01-26', 3, '18944039526', 704, NULL);
INSERT INTO `customers` VALUES ('174122199503035331', '男', '昌语晨', '1995-03-03', 3, '13000663836', 750, NULL);
INSERT INTO `customers` VALUES ('175254199006177838', '女', '唐雨涵', '1990-06-17', 3, '13080568826', 756, NULL);
INSERT INTO `customers` VALUES ('175859198401239218', '女', '俞语晨', '1984-01-23', 3, '18718491389', 872, NULL);
INSERT INTO `customers` VALUES ('176546198301053064', '男', '尤贺祥', '1983-01-05', 2, '13362302016', 248, NULL);
INSERT INTO `customers` VALUES ('176574198104212965', '男', '倪文轩', '1981-04-21', 3, '13863018762', 620, NULL);
INSERT INTO `customers` VALUES ('177476199309200864', '女', '魏冰枫', '1993-09-20', 3, '13883616304', 554, NULL);
INSERT INTO `customers` VALUES ('178252199802224287', '男', '姜国贤', '1998-02-22', 2, '13709275452', 326, NULL);
INSERT INTO `customers` VALUES ('18132419910314817X', '男', '秦尚', '1991-03-14', 4, '13272567183', 1072, NULL);
INSERT INTO `customers` VALUES ('181452198109231405', '女', '朱嘉乐', '1981-09-23', 3, '17044902933', 680, NULL);
INSERT INTO `customers` VALUES ('181583199001022905', '男', '毕诗悦', '1990-01-02', 2, '13727835281', 298, NULL);
INSERT INTO `customers` VALUES ('184214199908127100', '男', '齐嘉怡', '1999-08-12', 3, '18726911106', 718, NULL);
INSERT INTO `customers` VALUES ('184484199208228322', '男', '时汝鑫', '1992-08-22', 2, '13868525050', 358, NULL);
INSERT INTO `customers` VALUES ('185558198404156732', '女', '朱欣怡', '1984-04-15', 3, '13343483278', 760, NULL);
INSERT INTO `customers` VALUES ('186168198902058539', '女', '褚瑞辰', '1989-02-05', 2, '18975269471', 206, NULL);
INSERT INTO `customers` VALUES ('186418199904127195', '男', '柏益辰', '1999-04-12', 3, '13547977164', 504, NULL);
INSERT INTO `customers` VALUES ('186651199402172225', '男', '郑春齐', '1994-02-17', 2, '13151240132', 410, NULL);
INSERT INTO `customers` VALUES ('187646199605056662', '男', '李佳怡', '1996-05-05', 3, '17050845790', 666, NULL);
INSERT INTO `customers` VALUES ('191435199304184480', '女', '蒋嘉乐', '1993-04-18', 2, '17052288379', 276, NULL);
INSERT INTO `customers` VALUES ('192987199001238263', '男', '齐嘉乐', '1990-01-23', 3, '13376059453', 672, NULL);
INSERT INTO `customers` VALUES ('194698199305163517', '女', '殷欣慧', '1993-05-16', 3, '13175010517', 648, NULL);
INSERT INTO `customers` VALUES ('195166198506259644', '男', '姜嘉乐', '1985-06-25', 3, '13153122897', 758, NULL);
INSERT INTO `customers` VALUES ('196242198809052259', '女', '鲍亦菲', '1988-09-05', 3, '13235355579', 534, NULL);
INSERT INTO `customers` VALUES ('199397199509040924', '女', '邬佳惠', '1995-09-04', 3, '13871296097', 716, NULL);
INSERT INTO `customers` VALUES ('211252198901232962', '男', '方萌萌', '1989-01-23', 3, '13310376606', 972, NULL);
INSERT INTO `customers` VALUES ('211614199102246522', '男', '吕涵越', '1991-02-24', 4, '13510343793', 1046, NULL);
INSERT INTO `customers` VALUES ('212124199007055396', '男', '杨佳昊', '1990-07-05', 3, '13525562980', 616, NULL);
INSERT INTO `customers` VALUES ('212383198905061284', '男', '邬萌萌', '1989-05-06', 2, '18945864646', 450, NULL);
INSERT INTO `customers` VALUES ('21331719990501747X', '男', '滕雨涵', '1999-05-01', 2, '18750641119', 216, NULL);
INSERT INTO `customers` VALUES ('21392719940417136X', '男', '许涵涵', '1994-04-17', 3, '13840265779', 794, NULL);
INSERT INTO `customers` VALUES ('213941198108085937', '男', '黄运昊', '1981-08-08', 3, '13532377262', 724, NULL);
INSERT INTO `customers` VALUES ('214637199304251976', '女', '陈榕润', '1993-04-25', 4, '13012560756', 1042, NULL);
INSERT INTO `customers` VALUES ('215868198408142952', '女', '伍晶滢', '1984-08-14', 2, '17097406042', 360, NULL);
INSERT INTO `customers` VALUES ('217325198108101264', '女', '鲍尚', '1981-08-10', 4, '13175104347', 1695, NULL);
INSERT INTO `customers` VALUES ('217342199402210286', '男', '柏杨', '1994-02-21', 3, '13274042103', 828, NULL);
INSERT INTO `customers` VALUES ('219334199502022997', '男', '韩榕润', '1995-02-02', 2, '13762453251', 344, NULL);
INSERT INTO `customers` VALUES ('219573199204223825', '女', '施晶莹', '1992-04-22', 2, '13285928997', 238, NULL);
INSERT INTO `customers` VALUES ('221484199601022814', '男', '朱佳怡', '1996-01-02', 3, '13303179120', 688, NULL);
INSERT INTO `customers` VALUES ('221865199207231274', '男', '萧瑞堂', '1992-07-23', 3, '13273060192', 672, NULL);
INSERT INTO `customers` VALUES ('222929198709142833', '女', '苏佳毅', '1987-09-14', 2, '13173896273', 216, NULL);
INSERT INTO `customers` VALUES ('223312199601190492', '女', '水佳毅', '1996-01-19', 3, '13375590826', 840, NULL);
INSERT INTO `customers` VALUES ('223476199403108416', '男', '施紫轩', '1994-03-10', 3, '18774185314', 902, NULL);
INSERT INTO `customers` VALUES ('22388519850127282X', '女', '伍忠林', '1985-01-27', 4, '17068575222', 1138, NULL);
INSERT INTO `customers` VALUES ('223932198601121044', '女', '鲍明远', '1986-01-12', 2, '17032559126', 470, NULL);
INSERT INTO `customers` VALUES ('225432199508199460', '男', '施嘉乐', '1995-08-19', 4, '13145181004', 1032, NULL);
INSERT INTO `customers` VALUES ('225531199108024855', '男', '施晨涛', '1991-08-02', 3, '13767215338', 630, NULL);
INSERT INTO `customers` VALUES ('225612199704128841', '女', '陶佳欣', '1997-04-12', 2, '13887011227', 288, NULL);
INSERT INTO `customers` VALUES ('226245199403257144', '女', '邹欣汝', '1994-03-25', 3, '13789543356', 554, NULL);
INSERT INTO `customers` VALUES ('22687819940819789X', '男', '施泽远', '1994-08-19', 2, '13252906843', 340, NULL);
INSERT INTO `customers` VALUES ('227284198705204655', '女', '陈嘉乐', '1987-05-20', 3, '13198932785', 628, NULL);
INSERT INTO `customers` VALUES ('228211199007024910', '女', '潘涵涵', '1990-07-02', 2, '13096027724', 212, NULL);
INSERT INTO `customers` VALUES ('228338199704028509', '女', '于淑华', '1997-04-02', 3, '13563561987', 566, NULL);
INSERT INTO `customers` VALUES ('229992198204074469', '男', '陈禹辰', '1982-04-07', 3, '18710633572', 754, NULL);
INSERT INTO `customers` VALUES ('231122198705179666', '男', '鲍瑞辰', '1987-05-17', 3, '17098144751', 672, NULL);
INSERT INTO `customers` VALUES ('231261199603019527', '男', '凤凌晶', '1996-03-01', 3, '18784284256', 776, NULL);
INSERT INTO `customers` VALUES ('231265198701172198', '女', '邹杨', '1987-01-17', 3, '13828513410', 972, NULL);
INSERT INTO `customers` VALUES ('235571198001235538', '男', '苗晶莹', '1980-01-23', 3, '17078632904', 926, NULL);
INSERT INTO `customers` VALUES ('236125199507023044', '男', '周晨茜', '1995-07-02', 3, '13594493030', 822, NULL);
INSERT INTO `customers` VALUES ('236369199801156486', '女', '顾淳美', '1998-01-15', 3, '18786019391', 556, NULL);
INSERT INTO `customers` VALUES ('237467199503039699', '男', '方国栋', '1995-03-03', 2, '18923529751', 380, NULL);
INSERT INTO `customers` VALUES ('237795198606114214', '女', '鲁贺祥', '1986-06-11', 3, '13177955559', 562, NULL);
INSERT INTO `customers` VALUES ('239126199602113426', '男', '时雅晗', '1996-02-11', 2, '13799468362', 498, NULL);
INSERT INTO `customers` VALUES ('239688198701209214', '男', '倪晨璐', '1987-01-20', 3, '13134094427', 870, NULL);
INSERT INTO `customers` VALUES ('242822198005211320', '男', '邬文杰', '1980-05-21', 4, '18711959792', 1002, NULL);
INSERT INTO `customers` VALUES ('244279198109140325', '男', '乐萌', '1981-09-14', 4, '13216643980', 1062, NULL);
INSERT INTO `customers` VALUES ('244612199406043527', '男', '卞雨涵', '1994-06-04', 3, '13860151866', 634, NULL);
INSERT INTO `customers` VALUES ('246629199606031159', '女', '窦敏', '1996-06-03', 3, '13009151834', 874, NULL);
INSERT INTO `customers` VALUES ('247861198201095389', '女', '殷一鸣', '1982-01-09', 3, '13237678599', 742, NULL);
INSERT INTO `customers` VALUES ('251291198804149296', '女', '汤文昊', '1988-04-14', 3, '13118408648', 940, NULL);
INSERT INTO `customers` VALUES ('252951199203253592', '男', '廉润丽', '1992-03-25', 2, '13381552641', 422, NULL);
INSERT INTO `customers` VALUES ('253112198609204289', '女', '尹佳昊', '1986-09-20', 3, '17004898827', 824, NULL);
INSERT INTO `customers` VALUES ('253329198205205419', '女', '褚益帆', '1982-05-20', 3, '18708746533', 958, NULL);
INSERT INTO `customers` VALUES ('253637198103012786', '女', '费欣汝', '1981-03-01', 2, '13388018990', 494, NULL);
INSERT INTO `customers` VALUES ('253684198606054659', '男', '钱凌晶', '1986-06-05', 2, '13714452222', 360, NULL);
INSERT INTO `customers` VALUES ('253933198709016854', '男', '殷凌晶', '1987-09-01', 2, '17083152942', 284, NULL);
INSERT INTO `customers` VALUES ('25454319850827543X', '女', '花欣怡', '1985-08-27', 4, '18991245527', 1062, NULL);
INSERT INTO `customers` VALUES ('255339199204234188', '女', '何冰洁', '1992-04-23', 3, '18981844604', 792, NULL);
INSERT INTO `customers` VALUES ('255376198303159686', '女', '孙苒溪', '1983-03-15', 3, '18702857477', 760, NULL);
INSERT INTO `customers` VALUES ('255716198902083877', '男', '严亦菲', '1989-02-08', 3, '18940396270', 996, NULL);
INSERT INTO `customers` VALUES ('257259199405272940', '男', '孔雅涵', '1994-05-27', 3, '13868091075', 758, NULL);
INSERT INTO `customers` VALUES ('25823619980504621X', '男', '萧杨', '1998-05-04', 4, '13533410094', 1000, NULL);
INSERT INTO `customers` VALUES ('262628198407019156', '男', '于文轩', '1984-07-01', 2, '13897413011', 410, NULL);
INSERT INTO `customers` VALUES ('262673199108092210', '女', '廉淳美', '1991-08-09', 3, '13560551434', 726, NULL);
INSERT INTO `customers` VALUES ('264841198408054002', '男', '汤欣慧', '1984-08-05', 3, '18734131111', 768, NULL);
INSERT INTO `customers` VALUES ('264926199005257389', '女', '邹慧嘉', '1990-05-25', 4, '18700511606', 1092, NULL);
INSERT INTO `customers` VALUES ('264935199809278667', '男', '汤晶莹', '1998-09-27', 3, '13755207614', 916, NULL);
INSERT INTO `customers` VALUES ('266156198105230687', '男', '邬甜', '1981-05-23', 3, '17068649142', 632, NULL);
INSERT INTO `customers` VALUES ('268416198508179684', '女', '卜冰洁', '1985-08-17', 3, '13561077181', 590, NULL);
INSERT INTO `customers` VALUES ('268717199306193709', '男', '柏润丽', '1993-06-19', 2, '13120839132', 246, NULL);
INSERT INTO `customers` VALUES ('272249198109080583', '女', '金伟洋', '1981-09-08', 4, '13140436317', 1086, NULL);
INSERT INTO `customers` VALUES ('272775198003019581', '男', '鲍淳美', '1980-03-01', 3, '13334305296', 662, NULL);
INSERT INTO `customers` VALUES ('274824198203120147', '女', '卞甜', '1982-03-12', 3, '13147921400', 780, NULL);
INSERT INTO `customers` VALUES ('278411198701016713', '女', '袁润丽', '1987-01-01', 3, '13338551410', 682, NULL);
INSERT INTO `customers` VALUES ('27843319990403210X', '女', '和天昊', '1999-04-03', 3, '18950937885', 576, NULL);
INSERT INTO `customers` VALUES ('279279198403016165', '男', '孟欣慧', '1984-03-01', 4, '13245134324', 1044, NULL);
INSERT INTO `customers` VALUES ('281879199706088002', '女', '苗涵越', '1997-06-08', 4, '13279160181', 1030, NULL);
INSERT INTO `customers` VALUES ('283755198801245804', '男', '柳建政', '1988-01-24', 3, '13054437694', 532, NULL);
INSERT INTO `customers` VALUES ('285615199505154123', '男', '顾榕汕', '1995-05-15', 3, '17032018644', 984, NULL);
INSERT INTO `customers` VALUES ('286199198003223519', '女', '岑易轩', '1980-03-22', 3, '13377179557', 996, NULL);
INSERT INTO `customers` VALUES ('287642198704248989', '女', '凤冰洁', '1987-04-24', 2, '18910210603', 370, NULL);
INSERT INTO `customers` VALUES ('287684199301058804', '男', '吴建林', '1993-01-05', 2, '13567329244', 338, NULL);
INSERT INTO `customers` VALUES ('288978198701154956', '男', '顾瑾昆', '1987-01-15', 2, '13175787868', 406, NULL);
INSERT INTO `customers` VALUES ('289132199902235827', '男', '尹嘉乐', '1999-02-23', 3, '13808850012', 552, NULL);
INSERT INTO `customers` VALUES ('289195199004167848', '女', '施益冉', '1990-04-16', 3, '13551545139', 670, NULL);
INSERT INTO `customers` VALUES ('289727198008115879', '女', '殷天昊', '1980-08-11', 3, '13032211876', 998, NULL);
INSERT INTO `customers` VALUES ('289963199402069576', '男', '吕佳钰', '1994-02-06', 3, '13173123460', 596, NULL);
INSERT INTO `customers` VALUES ('291597198206078821', '男', '唐萌', '1982-06-07', 2, '13194785198', 352, NULL);
INSERT INTO `customers` VALUES ('295134198509236408', '男', '云欣欣', '1985-09-23', 3, '13113578270', 856, NULL);
INSERT INTO `customers` VALUES ('296525198803265679', '男', '元建林', '1988-03-26', 3, '13764913537', 568, NULL);
INSERT INTO `customers` VALUES ('313513199104059871', '男', '雷冰枫', '1991-04-05', 3, '13767225912', 896, NULL);
INSERT INTO `customers` VALUES ('313836199704242064', '女', '汤紫轩', '1997-04-24', 3, '18748869835', 604, NULL);
INSERT INTO `customers` VALUES ('31387719940519539X', '女', '云润丽', '1994-05-19', 3, '18705302657', 578, NULL);
INSERT INTO `customers` VALUES ('314871199603220165', '男', '严子璇', '1996-03-22', 3, '13036157087', 902, NULL);
INSERT INTO `customers` VALUES ('315391198902211909', '男', '华国贤', '1989-02-21', 3, '18729082830', 750, NULL);
INSERT INTO `customers` VALUES ('31543619850512583X', '男', '酆宜豪', '1985-05-12', 3, '13583596595', 604, NULL);
INSERT INTO `customers` VALUES ('316475198302021147', '男', '安杨', '1983-02-02', 3, '18982202979', 920, NULL);
INSERT INTO `customers` VALUES ('318647199701057835', '男', '张嘉怡', '1997-01-05', 3, '18730341889', 516, NULL);
INSERT INTO `customers` VALUES ('318672198606279247', '男', '穆瑞辰', '1986-06-27', 3, '13531329447', 916, NULL);
INSERT INTO `customers` VALUES ('319127198805263186', '女', '皮贺祥', '1988-05-26', 4, '13763378165', 1134, NULL);
INSERT INTO `customers` VALUES ('321496199202037831', '男', '窦晓庆', '1992-02-03', 2, '18728857832', 248, NULL);
INSERT INTO `customers` VALUES ('322111199108147066', '男', '和榕润', '1991-08-14', 3, '13838489686', 718, NULL);
INSERT INTO `customers` VALUES ('323177198103114151', '男', '和冰洁', '1981-03-11', 4, '13736683532', 1060, NULL);
INSERT INTO `customers` VALUES ('323911198207120096', '女', '严佳惠', '1982-07-12', 3, '13814513252', 688, NULL);
INSERT INTO `customers` VALUES ('324829199907267893', '男', '时瑾春', '1999-07-26', 3, '13798790846', 674, NULL);
INSERT INTO `customers` VALUES ('325424199207212442', '男', '韩国栋', '1992-07-21', 3, '18782940747', 992, NULL);
INSERT INTO `customers` VALUES ('32651919880315995X', '男', '李晓庆', '1988-03-15', 3, '13719206933', 658, NULL);
INSERT INTO `customers` VALUES ('326898199509192464', '男', '卜佳惠', '1995-09-19', 2, '18909769972', 206, NULL);
INSERT INTO `customers` VALUES ('329313199002229960', '女', '酆泽远', '1990-02-22', 3, '13039561683', 948, NULL);
INSERT INTO `customers` VALUES ('329412199806050631', '男', '薛文杰', '1998-06-05', 4, '13360648642', 1062, NULL);
INSERT INTO `customers` VALUES ('331789198908266732', '女', '廉晨璐', '1989-08-26', 4, '18972742344', 1016, NULL);
INSERT INTO `customers` VALUES ('33359319850602623X', '女', '马夫子', '1985-06-02', 3, '13768562837', 656, NULL);
INSERT INTO `customers` VALUES ('33366819980510932X', '女', '时雄霖', '1998-05-10', 3, '13216310963', 676, NULL);
INSERT INTO `customers` VALUES ('334139198804268449', '男', '史易轩', '1988-04-26', 3, '13090826379', 996, NULL);
INSERT INTO `customers` VALUES ('334525198405087169', '女', '潘忠林', '1984-05-08', 4, '13532084378', 1082, NULL);
INSERT INTO `customers` VALUES ('335776198605047825', '女', '邹熙涵', '1986-05-04', 4, '13364282815', 1080, NULL);
INSERT INTO `customers` VALUES ('336363199008252072', '女', '穆清妍', '1990-08-25', 3, '13294254704', 904, NULL);
INSERT INTO `customers` VALUES ('338711199008052588', '男', '和晨璐', '1990-08-05', 3, '13884670319', 532, NULL);
INSERT INTO `customers` VALUES ('339534198506198985', '女', '康淑华', '1985-06-19', 2, '13110813099', 378, NULL);
INSERT INTO `customers` VALUES ('339757199602222404', '男', '郑贺祥', '1996-02-22', 3, '13276920375', 894, NULL);
INSERT INTO `customers` VALUES ('341813199106233888', '女', '廉雨泽', '1991-06-23', 2, '13032308638', 448, NULL);
INSERT INTO `customers` VALUES ('342623199807263812', '男', '李轩', '1998-07-26', 2, '18856336515', 414, NULL);
INSERT INTO `customers` VALUES ('344712198203115337', '男', '岑嘉怡', '1982-03-11', 4, '17067187169', 1491, NULL);
INSERT INTO `customers` VALUES ('345793198601150882', '男', '贺嘉乐', '1986-01-15', 3, '13093842579', 528, NULL);
INSERT INTO `customers` VALUES ('345811198307160992', '男', '柏昕蕊', '1983-07-16', 3, '13147198170', 878, NULL);
INSERT INTO `customers` VALUES ('347589199104136159', '女', '和添池', '1991-04-13', 4, '13023011093', 1164, NULL);
INSERT INTO `customers` VALUES ('348766199502095759', '男', '昌林', '1995-02-09', 4, '13364996869', 1082, NULL);
INSERT INTO `customers` VALUES ('349462199707202553', '男', '沈欣怡', '1997-07-20', 3, '13021223531', 560, NULL);
INSERT INTO `customers` VALUES ('349966199007105245', '男', '倪欣慧', '1990-07-10', 2, '13113044099', 302, NULL);
INSERT INTO `customers` VALUES ('351323198504217886', '男', '凤亦菲', '1985-04-21', 4, '13394297579', 1152, NULL);
INSERT INTO `customers` VALUES ('352251199205254527', '男', '苗运昊', '1992-05-25', 4, '13310160317', 1110, NULL);
INSERT INTO `customers` VALUES ('352593198001107715', '男', '岑东东', '1980-01-10', 4, '13211907761', 1152, NULL);
INSERT INTO `customers` VALUES ('353169199508243285', '男', '尤益冉', '1995-08-24', 3, '18951235620', 628, NULL);
INSERT INTO `customers` VALUES ('354341199007071230', '男', '葛涵涵', '1990-07-07', 3, '13357411259', 928, NULL);
INSERT INTO `customers` VALUES ('354526198705041023', '男', '孙贺祥', '1987-05-04', 2, '13510065804', 394, NULL);
INSERT INTO `customers` VALUES ('35581319920803798X', '男', '朱欣源', '1992-08-03', 3, '18750503028', 534, NULL);
INSERT INTO `customers` VALUES ('356489198708077322', '男', '岑甜', '1987-08-07', 3, '13819404116', 542, NULL);
INSERT INTO `customers` VALUES ('358115199704172715', '男', '殷晨璐', '1997-04-17', 3, '13059668432', 982, NULL);
INSERT INTO `customers` VALUES ('358129198002100446', '女', '汤浩晨', '1980-02-10', 3, '13373533178', 978, NULL);
INSERT INTO `customers` VALUES ('359187198901221107', '男', '酆萌萌', '1989-01-22', 3, '17066721006', 562, NULL);
INSERT INTO `customers` VALUES ('359347199209146862', '男', '柳佳钰', '1992-09-14', 3, '18701757783', 866, NULL);
INSERT INTO `customers` VALUES ('359647199106039921', '女', '郝欣宜', '1991-06-03', 3, '13097486769', 646, NULL);
INSERT INTO `customers` VALUES ('361578198907115807', '男', '倪翔', '1989-07-11', 3, '18953800063', 830, NULL);
INSERT INTO `customers` VALUES ('364133198304251170', '男', '施诗悦', '1983-04-25', 3, '18931356239', 806, NULL);
INSERT INTO `customers` VALUES ('364999199809091603', '男', '卜林', '1998-09-09', 3, '13803272213', 546, NULL);
INSERT INTO `customers` VALUES ('366339199103041674', '男', '华佳惠', '1991-03-04', 4, '13748837822', 1100, NULL);
INSERT INTO `customers` VALUES ('366584198802162596', '男', '邬慧嘉', '1988-02-16', 2, '13040408237', 428, NULL);
INSERT INTO `customers` VALUES ('367845198407116971', '男', '毕浩晨', '1984-07-11', 3, '17093687333', 946, NULL);
INSERT INTO `customers` VALUES ('367849198906087023', '男', '昌佳怡', '1989-06-08', 3, '17051263917', 686, NULL);
INSERT INTO `customers` VALUES ('367947198405138868', '男', '冯泽远', '1984-05-13', 3, '17092320803', 964, NULL);
INSERT INTO `customers` VALUES ('368664199209173223', '女', '章润莎', '1992-09-17', 3, '18956715156', 738, NULL);
INSERT INTO `customers` VALUES ('369446198507181216', '女', '于伟洋', '1985-07-18', 3, '13796806493', 770, NULL);
INSERT INTO `customers` VALUES ('369458198209250274', '男', '杨欣欣', '1982-09-25', 3, '13014147238', 958, NULL);
INSERT INTO `customers` VALUES ('369842198709161789', '男', '奚雨涵', '1987-09-16', 3, '13872937392', 670, NULL);
INSERT INTO `customers` VALUES ('371928199807204209', '男', '苗瑾昆', '1998-07-20', 2, '13747837870', 402, NULL);
INSERT INTO `customers` VALUES ('373826199804114092', '男', '滕文轩', '1998-04-11', 4, '13175255523', 1008, NULL);
INSERT INTO `customers` VALUES ('373942199006146693', '女', '卜晨涵', '1990-06-14', 2, '13029903855', 252, NULL);
INSERT INTO `customers` VALUES ('374598199205238241', '女', '鲁一鸣', '1992-05-23', 3, '17019566489', 778, NULL);
INSERT INTO `customers` VALUES ('376884198808148910', '女', '陶文轩', '1988-08-14', 3, '13534660714', 942, NULL);
INSERT INTO `customers` VALUES ('377228198003045612', '男', '顾冰枫', '1980-03-04', 3, '13327991240', 920, NULL);
INSERT INTO `customers` VALUES ('377395198106044140', '女', '黄尚', '1981-06-04', 2, '13378950067', 304, NULL);
INSERT INTO `customers` VALUES ('378249199005171249', '女', '尹运昊', '1990-05-17', 2, '13361103094', 374, NULL);
INSERT INTO `customers` VALUES ('378698198301256997', '男', '陈泽惠', '1983-01-25', 3, '13166290277', 540, NULL);
INSERT INTO `customers` VALUES ('379659198604151371', '女', '汤建政', '1986-04-15', 3, '13859479388', 582, NULL);
INSERT INTO `customers` VALUES ('381736199403277883', '男', '吕雨泽', '1994-03-27', 2, '13135761804', 378, NULL);
INSERT INTO `customers` VALUES ('381998199908271911', '男', '和文杰', '1999-08-27', 4, '13146791817', 1020, NULL);
INSERT INTO `customers` VALUES ('383111199408275811', '男', '吕诗悦', '1994-08-27', 3, '13006862498', 726, NULL);
INSERT INTO `customers` VALUES ('383914198907229885', '男', '酆润莎', '1989-07-22', 3, '13366817481', 858, NULL);
INSERT INTO `customers` VALUES ('386873198103244120', '男', '金昕蕊', '1981-03-24', 3, '13791237919', 956, NULL);
INSERT INTO `customers` VALUES ('387628198607173037', '女', '花萌萌', '1986-07-17', 2, '13162411389', 348, NULL);
INSERT INTO `customers` VALUES ('388279199309110496', '男', '元欣源', '1993-09-11', 2, '13159569726', 378, NULL);
INSERT INTO `customers` VALUES ('388887199302070930', '男', '蒋慧嘉', '1993-02-07', 4, '13805221778', 1166, NULL);
INSERT INTO `customers` VALUES ('389574199006033484', '男', '乐玥傲', '1990-06-03', 3, '13245689027', 640, NULL);
INSERT INTO `customers` VALUES ('391232199902144769', '女', '汤国栋', '1999-02-14', 3, '13028659687', 592, NULL);
INSERT INTO `customers` VALUES ('39144119920714131X', '男', '彭添池', '1992-07-14', 2, '17078732152', 390, NULL);
INSERT INTO `customers` VALUES ('392133199202059995', '男', '严淳美', '1992-02-05', 2, '18798481302', 308, NULL);
INSERT INTO `customers` VALUES ('39315919980902892X', '男', '郑亦菲', '1998-09-02', 3, '13251921458', 572, NULL);
INSERT INTO `customers` VALUES ('394547199502129803', '女', '滕益辰', '1995-02-12', 3, '13043702654', 922, NULL);
INSERT INTO `customers` VALUES ('395555199604039105', '男', '尤明远', '1996-04-03', 2, '13754854010', 284, NULL);
INSERT INTO `customers` VALUES ('395681199507088050', '男', '水佳琪', '1995-07-08', 3, '13289218611', 558, NULL);
INSERT INTO `customers` VALUES ('395951199807277222', '男', '萧佳昊', '1998-07-27', 2, '13395481013', 488, NULL);
INSERT INTO `customers` VALUES ('396563199805145239', '男', '花文轩', '1998-05-14', 2, '13756149757', 446, NULL);
INSERT INTO `customers` VALUES ('396774199206090643', '男', '水玥傲', '1992-06-09', 4, '13321294429', 1054, NULL);
INSERT INTO `customers` VALUES ('397372198205083822', '男', '邬欣欣', '1982-05-08', 2, '17072599860', 394, NULL);
INSERT INTO `customers` VALUES ('39883619800421119X', '男', '方子辰', '1980-04-21', 3, '13203415124', 600, NULL);
INSERT INTO `customers` VALUES ('411291198708220873', '男', '华浩晨', '1987-08-22', 3, '13569983523', 866, NULL);
INSERT INTO `customers` VALUES ('412142198907045113', '男', '吕涵越', '1989-07-04', 4, '13723479918', 1024, NULL);
INSERT INTO `customers` VALUES ('414927199307255850', '女', '苏萌', '1993-07-25', 2, '18798518529', 306, NULL);
INSERT INTO `customers` VALUES ('415416198005027131', '男', '贺禹辰', '1980-05-02', 4, '18985906071', 1036, NULL);
INSERT INTO `customers` VALUES ('415639199702161993', '女', '金益冉', '1997-02-16', 2, '18947399618', 484, NULL);
INSERT INTO `customers` VALUES ('416247198803164768', '女', '郑建政', '1988-03-16', 2, '18954007861', 390, NULL);
INSERT INTO `customers` VALUES ('416578198607231397', '男', '任瑾春', '1986-07-23', 3, '13358888878', 662, NULL);
INSERT INTO `customers` VALUES ('416772199203042570', '男', '喻建政', '1992-03-04', 4, '13240955253', 1074, NULL);
INSERT INTO `customers` VALUES ('418689199007157526', '男', '卞雨泽', '1990-07-15', 3, '13301973492', 594, NULL);
INSERT INTO `customers` VALUES ('419177198708255210', '男', '苏晨涵', '1987-08-25', 3, '13578250693', 656, NULL);
INSERT INTO `customers` VALUES ('424115199004214958', '女', '于淳美', '1990-04-21', 2, '13522266772', 400, NULL);
INSERT INTO `customers` VALUES ('424159198303211521', '女', '陈晨涵', '1983-03-21', 3, '13019451017', 654, NULL);
INSERT INTO `customers` VALUES ('424536198801078169', '男', '时汝鑫', '1988-01-07', 3, '13071032897', 664, NULL);
INSERT INTO `customers` VALUES ('424898199403245849', '男', '昌泽惠', '1994-03-24', 3, '13327051205', 512, NULL);
INSERT INTO `customers` VALUES ('425383198109153593', '男', '王文昊', '1981-09-15', 3, '18909375707', 946, NULL);
INSERT INTO `customers` VALUES ('425653198107230143', '男', '范益冉', '1981-07-23', 3, '17050891436', 770, NULL);
INSERT INTO `customers` VALUES ('427227199601078054', '男', '范苒溪', '1996-01-07', 3, '13258762036', 678, NULL);
INSERT INTO `customers` VALUES ('427972199004198162', '男', '和添池', '1990-04-19', 3, '17038109486', 864, NULL);
INSERT INTO `customers` VALUES ('429985199906206671', '男', '秦泽惠', '1999-06-20', 2, '13097609766', 220, NULL);
INSERT INTO `customers` VALUES ('432822199206210658', '男', '曹诗悦', '1992-06-21', 2, '13101292833', 250, NULL);
INSERT INTO `customers` VALUES ('434924198509062926', '男', '康欣宜', '1985-09-06', 2, '13112096346', 304, NULL);
INSERT INTO `customers` VALUES ('435994199501265686', '男', '傅天赫', '1995-01-26', 4, '13105265375', 1166, NULL);
INSERT INTO `customers` VALUES ('43728219900811310X', '男', '时晨茜', '1990-08-11', 4, '13091971562', 1224, NULL);
INSERT INTO `customers` VALUES ('439137199301230609', '男', '孙晨茜', '1993-01-23', 3, '13380589404', 978, NULL);
INSERT INTO `customers` VALUES ('439397199901231063', '女', '赵林', '1999-01-23', 3, '13527483171', 588, NULL);
INSERT INTO `customers` VALUES ('439676199901097428', '男', '韩晨茜', '1999-01-09', 3, '18934956379', 626, NULL);
INSERT INTO `customers` VALUES ('439729199302041394', '男', '雷佳毅', '1993-02-04', 2, '13154709285', 392, NULL);
INSERT INTO `customers` VALUES ('442297198105071834', '男', '章慧嘉', '1981-05-07', 3, '13591236393', 828, NULL);
INSERT INTO `customers` VALUES ('443895199603232173', '女', '鲍溶溶', '1996-03-23', 3, '13809810224', 910, NULL);
INSERT INTO `customers` VALUES ('444381198005025909', '女', '范嘉怡', '1980-05-02', 4, '13009213493', 1010, NULL);
INSERT INTO `customers` VALUES ('444477199209223400', '男', '苏润丽', '1992-09-22', 3, '13827383973', 710, NULL);
INSERT INTO `customers` VALUES ('444645198307210115', '男', '于淑君', '1983-07-21', 3, '13107928491', 558, NULL);
INSERT INTO `customers` VALUES ('444672198803208750', '女', '范一鸣', '1988-03-20', 2, '18952382213', 328, NULL);
INSERT INTO `customers` VALUES ('445135198509060806', '男', '常禹辰', '1985-09-06', 3, '13049362125', 632, NULL);
INSERT INTO `customers` VALUES ('446299198607092949', '女', '廉子璇', '1986-07-09', 3, '13182216260', 708, NULL);
INSERT INTO `customers` VALUES ('447755199609215750', '女', '钱淑君', '1996-09-21', 3, '13852377999', 654, NULL);
INSERT INTO `customers` VALUES ('448362199807091704', '女', '元瑞堂', '1998-07-09', 4, '18730528038', 1076, NULL);
INSERT INTO `customers` VALUES ('453248198804260672', '女', '岑子璇', '1988-04-26', 3, '13053676644', 838, NULL);
INSERT INTO `customers` VALUES ('457972199204234880', '女', '黄春齐', '1992-04-23', 3, '13832294397', 500, NULL);
INSERT INTO `customers` VALUES ('458448198606151059', '女', '陈汝鑫', '1986-06-15', 2, '18791819066', 400, NULL);
INSERT INTO `customers` VALUES ('463224199305136787', '男', '昌贺祥', '1993-05-13', 4, '17019681407', 1002, NULL);
INSERT INTO `customers` VALUES ('465983198105139890', '男', '倪紫轩', '1981-05-13', 3, '18785725628', 746, NULL);
INSERT INTO `customers` VALUES ('467151199505131398', '男', '毕润丽', '1995-05-13', 2, '13129020332', 318, NULL);
INSERT INTO `customers` VALUES ('467722199302249389', '男', '殷佳玉', '1993-02-24', 3, '13172888559', 820, NULL);
INSERT INTO `customers` VALUES ('468266198409204901', '男', '水瑞堂', '1984-09-20', 3, '17039967922', 958, NULL);
INSERT INTO `customers` VALUES ('469151198806017844', '男', '潘语晨', '1988-06-01', 3, '13075396845', 680, NULL);
INSERT INTO `customers` VALUES ('469348199009270617', '女', '许天赫', '1990-09-27', 3, '13584992906', 960, NULL);
INSERT INTO `customers` VALUES ('469365198503149785', '男', '萧建林', '1985-03-14', 4, '13096213251', 1118, NULL);
INSERT INTO `customers` VALUES ('47318919800208342X', '男', '唐东东', '1980-02-08', 3, '13054541537', 982, NULL);
INSERT INTO `customers` VALUES ('473696199701098909', '女', '贺冰洁', '1997-01-09', 2, '18728458738', 394, NULL);
INSERT INTO `customers` VALUES ('474424199005126644', '女', '和美欣', '1990-05-12', 2, '17018608475', 288, NULL);
INSERT INTO `customers` VALUES ('475192198409272871', '男', '卜子璇', '1984-09-27', 4, '18979185482', 1062, NULL);
INSERT INTO `customers` VALUES ('476433198901226989', '男', '马敏', '1989-01-22', 2, '17046687180', 418, NULL);
INSERT INTO `customers` VALUES ('476735198405050514', '女', '朱凌晶', '1984-05-05', 2, '13134367116', 292, NULL);
INSERT INTO `customers` VALUES ('477586198801263191', '女', '和建林', '1988-01-26', 2, '13047604782', 294, NULL);
INSERT INTO `customers` VALUES ('477988198208259700', '男', '孟亦菲', '1982-08-25', 2, '17058408852', 378, NULL);
INSERT INTO `customers` VALUES ('478184198403173824', '女', '秦浩晨', '1984-03-17', 2, '13345876102', 302, NULL);
INSERT INTO `customers` VALUES ('478527198607131081', '女', '倪涵越', '1986-07-13', 3, '13538160948', 654, NULL);
INSERT INTO `customers` VALUES ('478785198904148407', '男', '沈国贤', '1989-04-14', 2, '13562681646', 490, NULL);
INSERT INTO `customers` VALUES ('478992199809245195', '男', '鲍冰洁', '1998-09-24', 4, '13797302957', 1048, NULL);
INSERT INTO `customers` VALUES ('479592198702275890', '男', '卫佳琪', '1987-02-27', 4, '13032111067', 1138, NULL);
INSERT INTO `customers` VALUES ('479776198201231591', '男', '卞晨璐', '1982-01-23', 4, '13516617404', 1010, NULL);
INSERT INTO `customers` VALUES ('488365199707048561', '男', '苏淑慧', '1997-07-04', 3, '18916873815', 674, NULL);
INSERT INTO `customers` VALUES ('488546199207275807', '女', '柏欣汝', '1992-07-27', 3, '18700650117', 792, NULL);
INSERT INTO `customers` VALUES ('488628198302028183', '女', '滕佳惠', '1983-02-02', 2, '13557430110', 378, NULL);
INSERT INTO `customers` VALUES ('488816198207021018', '女', '蒋玥傲', '1982-07-02', 3, '13517092523', 650, NULL);
INSERT INTO `customers` VALUES ('48962619980426842X', '女', '鲍慧嘉', '1998-04-26', 4, '13595782356', 1118, NULL);
INSERT INTO `customers` VALUES ('491795199606255321', '男', '酆伟洋', '1996-06-25', 2, '13103873387', 270, NULL);
INSERT INTO `customers` VALUES ('493997198001101259', '女', '廉欣源', '1980-01-10', 3, '13014103678', 960, NULL);
INSERT INTO `customers` VALUES ('494393198406220769', '男', '严诗悦', '1984-06-22', 3, '13586999824', 908, NULL);
INSERT INTO `customers` VALUES ('495375199803173188', '女', '殷欣宜', '1998-03-17', 2, '17047622667', 382, NULL);
INSERT INTO `customers` VALUES ('496294198802060747', '男', '冯益辰', '1988-02-06', 4, '13330534658', 1054, NULL);
INSERT INTO `customers` VALUES ('49764619980122219X', '女', '伍益帆', '1998-01-22', 3, '13252271475', 722, NULL);
INSERT INTO `customers` VALUES ('498498199806202928', '男', '唐淼', '1998-06-20', 4, '13008335119', 1144, NULL);
INSERT INTO `customers` VALUES ('499726198006275257', '男', '韦东东', '1980-06-27', 3, '13734914396', 522, NULL);
INSERT INTO `customers` VALUES ('511247199006207554', '女', '皮雨涵', '1990-06-20', 3, '13830087326', 526, NULL);
INSERT INTO `customers` VALUES ('511964199607046105', '女', '汤益辰', '1996-07-04', 2, '13854695473', 398, NULL);
INSERT INTO `customers` VALUES ('514484198203014090', '女', '酆添池', '1982-03-01', 3, '13249290695', 750, NULL);
INSERT INTO `customers` VALUES ('514924198903039652', '男', '张天赫', '1989-03-03', 3, '13083274609', 904, NULL);
INSERT INTO `customers` VALUES ('515139198405266678', '女', '汤添昊', '1984-05-26', 2, '13076231390', 458, NULL);
INSERT INTO `customers` VALUES ('516341199504125967', '男', '贺淑华', '1995-04-12', 4, '18751649124', 1184, NULL);
INSERT INTO `customers` VALUES ('51756919820911613X', '男', '奚国贤', '1982-09-11', 2, '13201888429', 240, NULL);
INSERT INTO `customers` VALUES ('517734199207130160', '男', '尤建政', '1992-07-13', 2, '13891316639', 224, NULL);
INSERT INTO `customers` VALUES ('518752199003076717', '男', '皮晨涛', '1990-03-07', 2, '18774139843', 400, NULL);
INSERT INTO `customers` VALUES ('522468199407115162', '男', '奚淑君', '1994-07-11', 3, '13124270913', 738, NULL);
INSERT INTO `customers` VALUES ('522542199702225104', '女', '云润莎', '1997-02-22', 2, '13323218377', 418, NULL);
INSERT INTO `customers` VALUES ('522981199903038491', '女', '朱瑞辰', '1999-03-03', 3, '13546868660', 748, NULL);
INSERT INTO `customers` VALUES ('524876199807015068', '男', '谢雨涵', '1998-07-01', 3, '13260807591', 926, NULL);
INSERT INTO `customers` VALUES ('526688199805168315', '男', '严雨泽', '1998-05-16', 3, '13288642467', 738, NULL);
INSERT INTO `customers` VALUES ('526877199109084320', '女', '乐东东', '1991-09-08', 2, '13231001600', 300, NULL);
INSERT INTO `customers` VALUES ('527429198602087414', '女', '水国贤', '1986-02-08', 2, '13047771037', 368, NULL);
INSERT INTO `customers` VALUES ('527874198806213930', '女', '姜建林', '1988-06-21', 3, '13043343794', 786, NULL);
INSERT INTO `customers` VALUES ('528913199605252579', '男', '柏晨茜', '1996-05-25', 3, '13559532790', 980, NULL);
INSERT INTO `customers` VALUES ('531453199706132049', '男', '花佳琪', '1997-06-13', 3, '13741491381', 984, NULL);
INSERT INTO `customers` VALUES ('533533199408100200', '男', '凤佳怡', '1994-08-10', 3, '13201898373', 612, NULL);
INSERT INTO `customers` VALUES ('536674199406251991', '男', '罗晨茜', '1994-06-25', 3, '13030450238', 906, NULL);
INSERT INTO `customers` VALUES ('539582198002049052', '男', '皮易轩', '1980-02-04', 3, '18789267123', 960, NULL);
INSERT INTO `customers` VALUES ('539625199604251824', '男', '薛宜豪', '1996-04-25', 4, '13363555861', 1156, NULL);
INSERT INTO `customers` VALUES ('541152198005043136', '男', '于文轩', '1980-05-04', 3, '13287885732', 972, NULL);
INSERT INTO `customers` VALUES ('541567198204267892', '男', '元嘉怡', '1982-04-26', 4, '13267451808', 1004, NULL);
INSERT INTO `customers` VALUES ('541847199002070384', '男', '唐玥傲', '1990-02-07', 2, '13503598114', 206, NULL);
INSERT INTO `customers` VALUES ('541991199904015537', '女', '孟添池', '1999-04-01', 3, '13885277529', 802, NULL);
INSERT INTO `customers` VALUES ('543369198102053643', '男', '元亦菲', '1981-02-05', 2, '13125482120', 388, NULL);
INSERT INTO `customers` VALUES ('54387719830125375X', '男', '傅瑞堂', '1983-01-25', 2, '18773534074', 282, NULL);
INSERT INTO `customers` VALUES ('54394219980319354X', '男', '水甜', '1998-03-19', 3, '13198014422', 744, NULL);
INSERT INTO `customers` VALUES ('545168199508264271', '男', '施淑慧', '1995-08-26', 2, '18773010941', 272, NULL);
INSERT INTO `customers` VALUES ('546158198509146502', '男', '平文轩', '1985-09-14', 4, '13114882552', 1032, NULL);
INSERT INTO `customers` VALUES ('546773198301059991', '男', '元雨涵', '1983-01-05', 3, '13119897612', 554, NULL);
INSERT INTO `customers` VALUES ('547784199108025671', '女', '谢晨茜', '1991-08-02', 3, '13531732964', 606, NULL);
INSERT INTO `customers` VALUES ('548297198402021971', '男', '张子璇', '1984-02-02', 2, '18757200698', 466, NULL);
INSERT INTO `customers` VALUES ('549496198505251409', '男', '萧慧嘉', '1985-05-25', 4, '13386390030', 1192, NULL);
INSERT INTO `customers` VALUES ('551521199805011419', '男', '吴汝鑫', '1998-05-01', 3, '13390119014', 558, NULL);
INSERT INTO `customers` VALUES ('553242199905260831', '男', '伍甜', '1999-05-26', 3, '13296925014', 958, NULL);
INSERT INTO `customers` VALUES ('554875198809144933', '男', '沈佳怡', '1988-09-14', 2, '13872645300', 332, NULL);
INSERT INTO `customers` VALUES ('55517419870926730X', '女', '陈益冉', '1987-09-26', 3, '13299790340', 830, NULL);
INSERT INTO `customers` VALUES ('557817198909082118', '女', '鲍文杰', '1989-09-08', 3, '18746655690', 678, NULL);
INSERT INTO `customers` VALUES ('558439199502113893', '女', '杨雨泽', '1995-02-11', 4, '13538577102', 1419, NULL);
INSERT INTO `customers` VALUES ('563972198206099229', '男', '酆雅涵', '1982-06-09', 2, '13038013616', 316, NULL);
INSERT INTO `customers` VALUES ('565221199507268485', '男', '范佳琪', '1995-07-26', 3, '13842188631', 918, NULL);
INSERT INTO `customers` VALUES ('566352199008208163', '男', '彭雅涵', '1990-08-20', 2, '13796187651', 234, NULL);
INSERT INTO `customers` VALUES ('566896199003268056', '男', '谢瑾春', '1990-03-26', 2, '13295730150', 490, NULL);
INSERT INTO `customers` VALUES ('569439199309223890', '女', '马晨涵', '1993-09-22', 3, '18772684334', 686, NULL);
INSERT INTO `customers` VALUES ('571123198504063362', '女', '吴嘉乐', '1985-04-06', 3, '13826195203', 506, NULL);
INSERT INTO `customers` VALUES ('571342199706256052', '女', '秦添昊', '1997-06-25', 3, '13166389920', 514, NULL);
INSERT INTO `customers` VALUES ('57293119910809318X', '男', '姜文杰', '1991-08-09', 4, '18914995666', 1052, NULL);
INSERT INTO `customers` VALUES ('57384719940804452X', '男', '毕国栋', '1994-08-04', 2, '13389654472', 254, NULL);
INSERT INTO `customers` VALUES ('575913198503166700', '男', '奚益辰', '1985-03-16', 3, '13731063354', 722, NULL);
INSERT INTO `customers` VALUES ('575947198207013180', '女', '韦凌晶', '1982-07-01', 2, '13203660112', 426, NULL);
INSERT INTO `customers` VALUES ('576338198703186779', '女', '康子辰', '1987-03-18', 4, '13176331204', 1164, NULL);
INSERT INTO `customers` VALUES ('576492199201083372', '男', '尹瑾春', '1992-01-08', 3, '18723895231', 824, NULL);
INSERT INTO `customers` VALUES ('578178199803204707', '男', '李汝鑫', '1998-03-20', 3, '13735705273', 688, NULL);
INSERT INTO `customers` VALUES ('581642199001220373', '男', '姜建政', '1990-01-22', 4, '18714307054', 1000, NULL);
INSERT INTO `customers` VALUES ('581692199101162725', '男', '郝益辰', '1991-01-16', 3, '13307703748', 718, NULL);
INSERT INTO `customers` VALUES ('582811199609088734', '女', '尹益帆', '1996-09-08', 4, '13080763513', 1170, NULL);
INSERT INTO `customers` VALUES ('582923199602250699', '男', '冯慧嘉', '1996-02-25', 2, '13765601648', 410, NULL);
INSERT INTO `customers` VALUES ('583136198303013823', '女', '柳诗悦', '1983-03-01', 4, '18937427299', 1074, NULL);
INSERT INTO `customers` VALUES ('584528198902186219', '女', '罗瑞堂', '1989-02-18', 3, '18912964320', 956, NULL);
INSERT INTO `customers` VALUES ('585289199407138123', '女', '齐尚', '1994-07-13', 2, '13046405734', 272, NULL);
INSERT INTO `customers` VALUES ('585945198009257757', '女', '姜萌萌', '1980-09-25', 2, '13266716791', 344, NULL);
INSERT INTO `customers` VALUES ('586268198904249662', '男', '任一鸣', '1989-04-24', 2, '13887151912', 294, NULL);
INSERT INTO `customers` VALUES ('587995199001032625', '女', '窦天赫', '1990-01-03', 2, '17017764702', 376, NULL);
INSERT INTO `customers` VALUES ('588377198708216592', '男', '李嘉乐', '1987-08-21', 3, '13303844050', 912, NULL);
INSERT INTO `customers` VALUES ('588647199403275922', '男', '凤昊轩', '1994-03-27', 3, '13855252416', 846, NULL);
INSERT INTO `customers` VALUES ('588941198601217401', '女', '秦淑君', '1986-01-21', 2, '18964281664', 442, NULL);
INSERT INTO `customers` VALUES ('588983198005022492', '女', '钱伟洋', '1980-05-02', 3, '13313972788', 502, NULL);
INSERT INTO `customers` VALUES ('592936199101212161', '男', '喻明远', '1991-01-21', 3, '18944914160', 744, NULL);
INSERT INTO `customers` VALUES ('593493198306071266', '女', '于雨泽', '1983-06-07', 4, '18953492996', 1030, NULL);
INSERT INTO `customers` VALUES ('593697199509161131', '女', '苗泽远', '1995-09-16', 3, '18948315014', 952, NULL);
INSERT INTO `customers` VALUES ('595569199306067373', '女', '潘翔', '1993-06-06', 2, '17085625482', 362, NULL);
INSERT INTO `customers` VALUES ('598396199001219170', '男', '乐益辰', '1990-01-21', 4, '13841311943', 1124, NULL);
INSERT INTO `customers` VALUES ('59862219920223001X', '男', '卜淑华', '1992-02-23', 3, '13870602906', 630, NULL);
INSERT INTO `customers` VALUES ('599635199209230859', '男', '王一鸣', '1992-09-23', 2, '18912408152', 252, NULL);
INSERT INTO `customers` VALUES ('599776199703126603', '男', '柏汝鑫', '1997-03-12', 2, '18911549505', 214, NULL);
INSERT INTO `customers` VALUES ('613697199602141441', '女', '苏昕蕊', '1996-02-14', 2, '13030118350', 490, NULL);
INSERT INTO `customers` VALUES ('615283199505101546', '女', '华欣慧', '1995-05-10', 2, '18951239033', 492, NULL);
INSERT INTO `customers` VALUES ('615853198304138078', '女', '吕子璇', '1983-04-13', 2, '13061081662', 332, NULL);
INSERT INTO `customers` VALUES ('617694198903143950', '男', '冯瑞辰', '1989-03-14', 3, '13174896093', 656, NULL);
INSERT INTO `customers` VALUES ('618264198705173877', '男', '常文轩', '1987-05-17', 2, '13082132219', 492, NULL);
INSERT INTO `customers` VALUES ('619221198105177541', '男', '皮欣慧', '1981-05-17', 4, '18947134458', 1006, NULL);
INSERT INTO `customers` VALUES ('621365198902233346', '女', '苗晨涛', '1989-02-23', 3, '13387999108', 770, NULL);
INSERT INTO `customers` VALUES ('622154199402019541', '男', '岑佳怡', '1994-02-01', 2, '18942788816', 246, NULL);
INSERT INTO `customers` VALUES ('622429199701208043', '女', '潘语晨', '1997-01-20', 3, '13282184010', 872, NULL);
INSERT INTO `customers` VALUES ('622532199906183170', '女', '沈敏', '1999-06-18', 3, '18933979992', 884, NULL);
INSERT INTO `customers` VALUES ('623194199509126138', '男', '柏雨涵', '1995-09-12', 3, '13135362123', 956, NULL);
INSERT INTO `customers` VALUES ('623294199409171543', '女', '乐瑞堂', '1994-09-17', 4, '17036730080', 1012, NULL);
INSERT INTO `customers` VALUES ('624123198001062760', '男', '费嘉乐', '1980-01-06', 3, '17047673407', 900, NULL);
INSERT INTO `customers` VALUES ('625136199701177208', '男', '俞淑华', '1997-01-17', 3, '13324166119', 896, NULL);
INSERT INTO `customers` VALUES ('625938199308101115', '男', '薛翔', '1993-08-10', 4, '13139907837', 1192, NULL);
INSERT INTO `customers` VALUES ('628547198503250928', '男', '史诗悦', '1985-03-25', 3, '13079997816', 838, NULL);
INSERT INTO `customers` VALUES ('629231199703030696', '女', '汤润莎', '1997-03-03', 3, '13324905193', 560, NULL);
INSERT INTO `customers` VALUES ('629497199705133985', '男', '廉亦菲', '1997-05-13', 3, '13831773291', 610, NULL);
INSERT INTO `customers` VALUES ('629943198108072356', '男', '于榕汕', '1981-08-07', 2, '18761108853', 436, NULL);
INSERT INTO `customers` VALUES ('63164419800605037X', '男', '郎新建', '1980-06-05', 3, '18730495568', 614, NULL);
INSERT INTO `customers` VALUES ('634868199803058138', '男', '范慧嘉', '1998-03-05', 3, '13344474759', 776, NULL);
INSERT INTO `customers` VALUES ('635295199805015745', '男', '金瑾春', '1998-05-01', 4, '18961028535', 1473, NULL);
INSERT INTO `customers` VALUES ('635664199408227602', '女', '顾晶滢', '1994-08-22', 3, '13862249265', 878, NULL);
INSERT INTO `customers` VALUES ('636798198608183451', '男', '郝林', '1986-08-18', 3, '13253409848', 956, NULL);
INSERT INTO `customers` VALUES ('637448199905078506', '女', '秦佳怡', '1999-05-07', 4, '13524036415', 1128, NULL);
INSERT INTO `customers` VALUES ('638389199202087062', '女', '彭忠林', '1992-02-08', 3, '18717545189', 610, NULL);
INSERT INTO `customers` VALUES ('638736199405265251', '男', '许清妍', '1994-05-26', 3, '13217284443', 530, NULL);
INSERT INTO `customers` VALUES ('641216198701051627', '男', '邬昕蕊', '1987-01-05', 2, '13289264174', 482, NULL);
INSERT INTO `customers` VALUES ('644527199905110548', '男', '任淑慧', '1999-05-11', 3, '13063774981', 512, NULL);
INSERT INTO `customers` VALUES ('646222199404256622', '女', '范益辰', '1994-04-25', 2, '13395266575', 254, NULL);
INSERT INTO `customers` VALUES ('64828119920706501X', '女', '曹欣宜', '1992-07-06', 2, '13179808963', 478, NULL);
INSERT INTO `customers` VALUES ('648323199501231914', '男', '奚晨茜', '1995-01-23', 3, '13817594023', 636, NULL);
INSERT INTO `customers` VALUES ('648427198508100606', '女', '奚紫轩', '1985-08-10', 4, '18986621039', 1014, NULL);
INSERT INTO `customers` VALUES ('649799198103091106', '女', '范润丽', '1981-03-09', 3, '13557701966', 616, NULL);
INSERT INTO `customers` VALUES ('651188199403081978', '男', '李萌萌', '1994-03-08', 2, '13176378129', 286, NULL);
INSERT INTO `customers` VALUES ('651562198006075842', '男', '花晶莹', '1980-06-07', 2, '13567277941', 292, NULL);
INSERT INTO `customers` VALUES ('652111199309214217', '女', '陶雨涵', '1993-09-21', 2, '13285690601', 472, NULL);
INSERT INTO `customers` VALUES ('652525198904113950', '男', '范雅涵', '1989-04-11', 3, '18949884992', 910, NULL);
INSERT INTO `customers` VALUES ('653992199507158028', '女', '邬文杰', '1995-07-15', 3, '13197877036', 726, NULL);
INSERT INTO `customers` VALUES ('655455199105130367', '男', '任汝鑫', '1991-05-13', 3, '13073931811', 798, NULL);
INSERT INTO `customers` VALUES ('655689198805270846', '女', '沈润莎', '1988-05-27', 4, '13714447150', 1054, NULL);
INSERT INTO `customers` VALUES ('65626219950727421X', '女', '郎诗悦', '1995-07-27', 2, '18914221142', 436, NULL);
INSERT INTO `customers` VALUES ('656417199707270239', '男', '黄建政', '1997-07-27', 3, '13198601431', 644, NULL);
INSERT INTO `customers` VALUES ('662234199302126363', '男', '姜欣欣', '1993-02-12', 3, '13253847447', 852, NULL);
INSERT INTO `customers` VALUES ('662644199002278415', '男', '窦涵越', '1990-02-27', 2, '13386750658', 428, NULL);
INSERT INTO `customers` VALUES ('66268119850423767X', '男', '陈晨涵', '1985-04-23', 3, '13339778713', 908, NULL);
INSERT INTO `customers` VALUES ('663823199609104198', '男', '毕瑾昆', '1996-09-10', 3, '13206692039', 696, NULL);
INSERT INTO `customers` VALUES ('664442198308048237', '男', '姜冰枫', '1983-08-04', 3, '13150976970', 944, NULL);
INSERT INTO `customers` VALUES ('664822198803163116', '男', '褚新建', '1988-03-16', 3, '13859320766', 708, NULL);
INSERT INTO `customers` VALUES ('665394199306090681', '女', '潘佳玉', '1993-06-09', 3, '13037526045', 790, NULL);
INSERT INTO `customers` VALUES ('665719199904099303', '女', '施甜', '1999-04-09', 2, '18727287625', 282, NULL);
INSERT INTO `customers` VALUES ('666768199905042200', '女', '顾天昊', '1999-05-04', 4, '13723212688', 1162, NULL);
INSERT INTO `customers` VALUES ('668292198901189360', '男', '潘欣源', '1989-01-18', 4, '13127570594', 1092, NULL);
INSERT INTO `customers` VALUES ('668882198007065195', '女', '彭林', '1980-07-06', 3, '13828473333', 568, NULL);
INSERT INTO `customers` VALUES ('668994199805279492', '男', '钱欣欣', '1998-05-27', 3, '13575284192', 654, NULL);
INSERT INTO `customers` VALUES ('669742199402273110', '男', '李文杰', '1994-02-27', 3, '18985573669', 606, NULL);
INSERT INTO `customers` VALUES ('669937198501055069', '男', '朱瑞堂', '1985-01-05', 3, '13577262168', 600, NULL);
INSERT INTO `customers` VALUES ('67539519970311522X', '男', '邹佳琪', '1997-03-11', 2, '18966509525', 330, NULL);
INSERT INTO `customers` VALUES ('675497198402071757', '男', '元冰洁', '1984-02-07', 3, '13824169261', 560, NULL);
INSERT INTO `customers` VALUES ('675897198406101548', '女', '柏嘉乐', '1984-06-10', 2, '13590783937', 398, NULL);
INSERT INTO `customers` VALUES ('679242198207118924', '男', '窦文昊', '1982-07-11', 2, '13103832424', 336, NULL);
INSERT INTO `customers` VALUES ('679858198808130877', '女', '韩夫子', '1988-08-13', 2, '13897051585', 418, NULL);
INSERT INTO `customers` VALUES ('681879198606185008', '女', '花建林', '1986-06-18', 3, '13331608888', 708, NULL);
INSERT INTO `customers` VALUES ('685322198904068932', '男', '元晨茜', '1989-04-06', 3, '13841906558', 896, NULL);
INSERT INTO `customers` VALUES ('686276199705232778', '女', '曹昊轩', '1997-05-23', 2, '18919184641', 302, NULL);
INSERT INTO `customers` VALUES ('686546199604148954', '男', '乐清妍', '1996-04-14', 3, '13015980394', 866, NULL);
INSERT INTO `customers` VALUES ('687363198908193836', '男', '冯冰枫', '1989-08-19', 4, '13709099894', 1132, NULL);
INSERT INTO `customers` VALUES ('688159198102061709', '男', '马榕润', '1981-02-06', 3, '13012341934', 506, NULL);
INSERT INTO `customers` VALUES ('688484198403195623', '男', '倪晶莹', '1984-03-19', 4, '13502265683', 1104, NULL);
INSERT INTO `customers` VALUES ('688523199004078742', '女', '滕雨涵', '1990-04-07', 3, '13179738715', 624, NULL);
INSERT INTO `customers` VALUES ('688993199701239258', '男', '卜东东', '1997-01-23', 3, '13317895050', 850, NULL);
INSERT INTO `customers` VALUES ('689328198006072616', '男', '毕润莎', '1980-06-07', 4, '13240614038', 1096, NULL);
INSERT INTO `customers` VALUES ('692534198203105484', '男', '滕佳欣', '1982-03-10', 3, '18995252369', 772, NULL);
INSERT INTO `customers` VALUES ('692926198404118347', '男', '陈佳毅', '1984-04-11', 4, '13167680824', 1050, NULL);
INSERT INTO `customers` VALUES ('693213199303183276', '男', '彭冰洁', '1993-03-18', 3, '18729517882', 894, NULL);
INSERT INTO `customers` VALUES ('693658199406275899', '男', '戚添昊', '1994-06-27', 3, '13530464721', 610, NULL);
INSERT INTO `customers` VALUES ('693666198504219028', '男', '凤晨茜', '1985-04-21', 4, '13540860517', 1084, NULL);
INSERT INTO `customers` VALUES ('694422198602171260', '男', '蒋欣慧', '1986-02-17', 3, '18720812516', 990, NULL);
INSERT INTO `customers` VALUES ('695154198809276831', '男', '窦淑君', '1988-09-27', 3, '17043700507', 670, NULL);
INSERT INTO `customers` VALUES ('699227199904275110', '男', '葛润莎', '1999-04-27', 3, '13081968126', 914, NULL);
INSERT INTO `customers` VALUES ('71213219910302052X', '男', '姜美欣', '1991-03-02', 4, '13836206880', 1120, NULL);
INSERT INTO `customers` VALUES ('712384199703137390', '男', '施欣源', '1997-03-13', 2, '17004123450', 464, NULL);
INSERT INTO `customers` VALUES ('712654198809164964', '男', '齐佳毅', '1988-09-16', 3, '13569920992', 958, NULL);
INSERT INTO `customers` VALUES ('713414199009144379', '女', '孙瑞堂', '1990-09-14', 3, '18987632673', 982, NULL);
INSERT INTO `customers` VALUES ('713626198705060357', '男', '安溶溶', '1987-05-06', 3, '18775396416', 872, NULL);
INSERT INTO `customers` VALUES ('713752199304040817', '女', '贺涵越', '1993-04-04', 3, '18933847166', 724, NULL);
INSERT INTO `customers` VALUES ('71451519870208339X', '男', '窦林', '1987-02-08', 3, '13154813030', 532, NULL);
INSERT INTO `customers` VALUES ('715434198109199118', '男', '陈益冉', '1981-09-19', 3, '13322440302', 732, NULL);
INSERT INTO `customers` VALUES ('718112198903017965', '男', '费东东', '1989-03-01', 3, '18780394593', 624, NULL);
INSERT INTO `customers` VALUES ('718199199008195758', '女', '朱子辰', '1990-08-19', 4, '18778580835', 1070, NULL);
INSERT INTO `customers` VALUES ('718266199409200421', '女', '奚佳钰', '1994-09-20', 3, '18731540950', 674, NULL);
INSERT INTO `customers` VALUES ('718387199106143420', '女', '孟雨泽', '1991-06-14', 4, '13394112456', 1166, NULL);
INSERT INTO `customers` VALUES ('718395198701059480', '女', '李萌萌', '1987-01-05', 3, '13042027196', 710, NULL);
INSERT INTO `customers` VALUES ('71912219830906456X', '男', '贺瑞堂', '1983-09-06', 3, '13270396332', 932, NULL);
INSERT INTO `customers` VALUES ('719436198505080932', '男', '傅易轩', '1985-05-08', 3, '18744271668', 758, NULL);
INSERT INTO `customers` VALUES ('721614198204036150', '男', '吴禹辰', '1982-04-03', 4, '13264556969', 1158, NULL);
INSERT INTO `customers` VALUES ('721816199401038532', '男', '毕佳昊', '1994-01-03', 2, '13240664448', 302, NULL);
INSERT INTO `customers` VALUES ('722227198108102040', '女', '马美欣', '1981-08-10', 3, '13028530734', 914, NULL);
INSERT INTO `customers` VALUES ('722357198906182579', '男', '葛诗悦', '1989-06-18', 3, '18719584024', 882, NULL);
INSERT INTO `customers` VALUES ('722617199903045069', '女', '卜涵越', '1999-03-04', 2, '13251981476', 482, NULL);
INSERT INTO `customers` VALUES ('722697198205236578', '男', '康欣慧', '1982-05-23', 3, '13531282466', 840, NULL);
INSERT INTO `customers` VALUES ('723195198203227644', '男', '严萌萌', '1982-03-22', 4, '13182118602', 1136, NULL);
INSERT INTO `customers` VALUES ('724694199203111242', '女', '穆春齐', '1992-03-11', 4, '18921003477', 1416, NULL);
INSERT INTO `customers` VALUES ('724758198402270655', '男', '余浩晨', '1984-02-27', 2, '18965013002', 306, NULL);
INSERT INTO `customers` VALUES ('725119198605272953', '男', '花雨泽', '1986-05-27', 4, '17093213408', 1198, NULL);
INSERT INTO `customers` VALUES ('726366198702269058', '男', '和润丽', '1987-02-26', 4, '13381235878', 1022, NULL);
INSERT INTO `customers` VALUES ('726415198505219380', '男', '酆宜豪', '1985-05-21', 2, '18714805367', 380, NULL);
INSERT INTO `customers` VALUES ('726598199504135717', '女', '赵玥傲', '1995-04-13', 3, '18719244716', 778, NULL);
INSERT INTO `customers` VALUES ('726925199408152465', '男', '卜熙涵', '1994-08-15', 3, '13827375082', 682, NULL);
INSERT INTO `customers` VALUES ('729164199206201656', '女', '滕翔', '1992-06-20', 2, '13522190047', 446, NULL);
INSERT INTO `customers` VALUES ('729936198909148963', '男', '皮添昊', '1989-09-14', 3, '13357507646', 700, NULL);
INSERT INTO `customers` VALUES ('732211199709249924', '男', '顾欣怡', '1997-09-24', 2, '13836860521', 460, NULL);
INSERT INTO `customers` VALUES ('73319619880123210X', '女', '黄天赫', '1988-01-23', 3, '18960799312', 604, NULL);
INSERT INTO `customers` VALUES ('733686199501188353', '男', '郑榕汕', '1995-01-18', 3, '13876567391', 690, NULL);
INSERT INTO `customers` VALUES ('734468199201062297', '女', '严欣源', '1992-01-06', 2, '13210757532', 256, NULL);
INSERT INTO `customers` VALUES ('734771198507091381', '女', '孙佳昊', '1985-07-09', 4, '13097600298', 1166, NULL);
INSERT INTO `customers` VALUES ('735414198907182570', '女', '邹甜', '1989-07-18', 4, '13798357964', 1142, NULL);
INSERT INTO `customers` VALUES ('735469198609188988', '女', '元益冉', '1986-09-18', 3, '13564969518', 512, NULL);
INSERT INTO `customers` VALUES ('735734198503126005', '男', '薛淑华', '1985-03-12', 4, '13210816339', 1170, NULL);
INSERT INTO `customers` VALUES ('736929199006040652', '女', '郎淳美', '1990-06-04', 4, '13561333949', 1072, NULL);
INSERT INTO `customers` VALUES ('737116198002153319', '女', '倪欣宜', '1980-02-15', 4, '18724053135', 1140, NULL);
INSERT INTO `customers` VALUES ('737769198006162867', '女', '罗雨泽', '1980-06-16', 2, '13751879664', 208, NULL);
INSERT INTO `customers` VALUES ('737997198605195376', '女', '汤瑾春', '1986-05-19', 4, '13805753550', 1044, NULL);
INSERT INTO `customers` VALUES ('738268198406090476', '女', '鲍晶滢', '1984-06-09', 3, '13136545023', 774, NULL);
INSERT INTO `customers` VALUES ('738471199707159784', '男', '许子辰', '1997-07-15', 2, '13083888729', 326, NULL);
INSERT INTO `customers` VALUES ('741935198408184229', '女', '齐甜', '1984-08-18', 3, '18764319013', 760, NULL);
INSERT INTO `customers` VALUES ('742298199105021919', '男', '岑伟洋', '1991-05-02', 3, '13225737685', 702, NULL);
INSERT INTO `customers` VALUES ('74327219990920737X', '男', '孔紫轩', '1999-09-20', 3, '13123435904', 728, NULL);
INSERT INTO `customers` VALUES ('743568198009201228', '女', '柳晓庆', '1980-09-20', 3, '13305016888', 508, NULL);
INSERT INTO `customers` VALUES ('743736199608230279', '男', '花欣宜', '1996-08-23', 2, '13011278007', 464, NULL);
INSERT INTO `customers` VALUES ('743936198702092657', '男', '郎国贤', '1987-02-09', 4, '13116789622', 1120, NULL);
INSERT INTO `customers` VALUES ('743945198005275534', '女', '陈新建', '1980-05-27', 3, '18750896786', 658, NULL);
INSERT INTO `customers` VALUES ('743975199502090066', '女', '殷亦菲', '1995-02-09', 3, '13383750985', 726, NULL);
INSERT INTO `customers` VALUES ('744477199203056454', '男', '安运昊', '1992-03-05', 2, '13703840570', 280, NULL);
INSERT INTO `customers` VALUES ('74539219800411584X', '男', '穆添昊', '1980-04-11', 3, '18715189702', 928, NULL);
INSERT INTO `customers` VALUES ('746945198303143591', '女', '蒋欣慧', '1983-03-14', 2, '13750681872', 386, NULL);
INSERT INTO `customers` VALUES ('747198199607095490', '男', '陶晶莹', '1996-07-09', 3, '13370298464', 756, NULL);
INSERT INTO `customers` VALUES ('747275198409271402', '男', '陶冰洁', '1984-09-27', 3, '13100481446', 816, NULL);
INSERT INTO `customers` VALUES ('747827199701132078', '男', '施涵涵', '1997-01-13', 3, '18748100352', 762, NULL);
INSERT INTO `customers` VALUES ('75156219920615966X', '女', '李冰洁', '1992-06-15', 4, '13551764687', 1018, NULL);
INSERT INTO `customers` VALUES ('753119198607219607', '男', '吕天昊', '1986-07-21', 4, '17069225012', 1102, NULL);
INSERT INTO `customers` VALUES ('754685199508056175', '女', '华晨茜', '1995-08-05', 3, '13239570938', 510, NULL);
INSERT INTO `customers` VALUES ('755354199608258129', '男', '谢一鸣', '1996-08-25', 4, '13017963556', 1166, NULL);
INSERT INTO `customers` VALUES ('75558419860724773X', '男', '吕美欣', '1986-07-24', 3, '13124373767', 668, NULL);
INSERT INTO `customers` VALUES ('756168199305011231', '男', '苏汝鑫', '1993-05-01', 3, '13740038963', 646, NULL);
INSERT INTO `customers` VALUES ('756926199103184273', '男', '马榕润', '1991-03-18', 3, '13043249053', 582, NULL);
INSERT INTO `customers` VALUES ('757251198901228466', '女', '酆伟洋', '1989-01-22', 3, '18908975444', 640, NULL);
INSERT INTO `customers` VALUES ('757456199309217909', '女', '张文轩', '1993-09-21', 2, '13393751487', 246, NULL);
INSERT INTO `customers` VALUES ('757824198104174075', '男', '伍尚', '1981-04-17', 2, '13507726540', 490, NULL);
INSERT INTO `customers` VALUES ('762374199309039254', '女', '喻欣汝', '1993-09-03', 3, '18786576765', 652, NULL);
INSERT INTO `customers` VALUES ('763669198406022325', '男', '贺苒溪', '1984-06-02', 2, '17034600923', 352, NULL);
INSERT INTO `customers` VALUES ('763749199504279305', '男', '鲁欣怡', '1995-04-27', 3, '18942227257', 976, NULL);
INSERT INTO `customers` VALUES ('765151198606192936', '女', '贺佳欣', '1986-06-19', 4, '17020089793', 1190, NULL);
INSERT INTO `customers` VALUES ('765477198606231333', '女', '水浩晨', '1986-06-23', 4, '18734842398', 1186, NULL);
INSERT INTO `customers` VALUES ('768525199101169630', '男', '苗雄霖', '1991-01-16', 3, '13884407197', 600, NULL);
INSERT INTO `customers` VALUES ('769129198209065702', '男', '薛萌萌', '1982-09-06', 3, '13572322038', 914, NULL);
INSERT INTO `customers` VALUES ('769568198207059997', '男', '元佳怡', '1982-07-05', 3, '18925601889', 852, NULL);
INSERT INTO `customers` VALUES ('769743199803177779', '男', '柳宜豪', '1998-03-17', 3, '13270498225', 894, NULL);
INSERT INTO `customers` VALUES ('771825199505054188', '男', '方榕润', '1995-05-05', 4, '13374450795', 1180, NULL);
INSERT INTO `customers` VALUES ('772497198407257447', '男', '施翔', '1984-07-25', 2, '18777930220', 336, NULL);
INSERT INTO `customers` VALUES ('772566198206081810', '女', '喻明远', '1982-06-08', 3, '13266056307', 614, NULL);
INSERT INTO `customers` VALUES ('77337919890206475X', '男', '酆榕汕', '1989-02-06', 3, '13730080046', 690, NULL);
INSERT INTO `customers` VALUES ('77489319920307027X', '男', '鲍佳钰', '1992-03-07', 2, '13778997748', 466, NULL);
INSERT INTO `customers` VALUES ('775392198106073025', '男', '黄忠林', '1981-06-07', 4, '18908460343', 1172, NULL);
INSERT INTO `customers` VALUES ('775421199202238410', '女', '姜瑞堂', '1992-02-23', 3, '18759820760', 586, NULL);
INSERT INTO `customers` VALUES ('775971199202201694', '男', '黄雨涵', '1992-02-20', 2, '18793159288', 442, NULL);
INSERT INTO `customers` VALUES ('776475199808251177', '男', '陈佳欣', '1998-08-25', 2, '13704928958', 336, NULL);
INSERT INTO `customers` VALUES ('776744199505131129', '男', '韦昕蕊', '1995-05-13', 3, '18998296585', 574, NULL);
INSERT INTO `customers` VALUES ('77853319800810088X', '女', '何佳怡', '1980-08-10', 3, '13341218638', 930, NULL);
INSERT INTO `customers` VALUES ('778665199604260151', '男', '孟润莎', '1996-04-26', 3, '13833689645', 714, NULL);
INSERT INTO `customers` VALUES ('781418199301014877', '男', '秦诗悦', '1993-01-01', 4, '18993508433', 1170, NULL);
INSERT INTO `customers` VALUES ('781968199003134361', '女', '齐佳钰', '1990-03-13', 4, '13163073488', 1076, NULL);
INSERT INTO `customers` VALUES ('781984199001098002', '男', '顾益辰', '1990-01-09', 3, '13357005532', 771, NULL);
INSERT INTO `customers` VALUES ('782323199606100297', '女', '常宜豪', '1996-06-10', 3, '18970903702', 946, NULL);
INSERT INTO `customers` VALUES ('782563199505100978', '男', '严欣怡', '1995-05-10', 4, '13383530469', 1158, NULL);
INSERT INTO `customers` VALUES ('783826199008223470', '男', '常欣慧', '1990-08-22', 4, '13821147585', 1184, NULL);
INSERT INTO `customers` VALUES ('784936199504048594', '男', '卞淑慧', '1995-04-04', 3, '13828226206', 788, NULL);
INSERT INTO `customers` VALUES ('785151199203102412', '女', '赵熙涵', '1992-03-10', 3, '13395681327', 858, NULL);
INSERT INTO `customers` VALUES ('78671919980308512X', '女', '黄萌', '1998-03-08', 3, '13285700478', 932, NULL);
INSERT INTO `customers` VALUES ('786875199609222158', '男', '黄益辰', '1996-09-22', 3, '13129851554', 764, NULL);
INSERT INTO `customers` VALUES ('788553199001025356', '男', '齐冰枫', '1990-01-02', 3, '13502885131', 812, NULL);
INSERT INTO `customers` VALUES ('788767198903238822', '男', '严嘉怡', '1989-03-23', 2, '13821243484', 496, NULL);
INSERT INTO `customers` VALUES ('789922199101016666', '男', '史语晨', '1991-01-01', 3, '18988103446', 772, NULL);
INSERT INTO `customers` VALUES ('792498199008048933', '女', '姜瑾昆', '1990-08-04', 4, '17078252698', 1088, NULL);
INSERT INTO `customers` VALUES ('793139198407024920', '男', '郎贺祥', '1984-07-02', 4, '18795426983', 1146, NULL);
INSERT INTO `customers` VALUES ('793535198307085431', '女', '岑玥傲', '1983-07-08', 4, '13173463361', 1058, NULL);
INSERT INTO `customers` VALUES ('793863199406022125', '男', '齐诗悦', '1994-06-02', 3, '13718301930', 678, NULL);
INSERT INTO `customers` VALUES ('795482199108245856', '女', '郎子辰', '1991-08-24', 2, '13506798158', 394, NULL);
INSERT INTO `customers` VALUES ('79677719910722243X', '男', '贺瑾春', '1991-07-22', 3, '13394843846', 564, NULL);
INSERT INTO `customers` VALUES ('798214199109103150', '男', '倪益帆', '1991-09-10', 3, '13111363421', 580, NULL);
INSERT INTO `customers` VALUES ('798422199103105420', '男', '罗明远', '1991-03-10', 2, '13759334746', 492, NULL);
INSERT INTO `customers` VALUES ('798524199804106520', '男', '殷文昊', '1998-04-10', 2, '13354370651', 414, NULL);
INSERT INTO `customers` VALUES ('799521198602272800', '男', '褚晶莹', '1986-02-27', 3, '17014467325', 838, NULL);
INSERT INTO `customers` VALUES ('81121319940325604X', '男', '张佳玉', '1994-03-25', 3, '13113329879', 808, NULL);
INSERT INTO `customers` VALUES ('812185198402037809', '男', '俞紫轩', '1984-02-03', 3, '13138197109', 926, NULL);
INSERT INTO `customers` VALUES ('812784199205255613', '男', '安淑慧', '1992-05-25', 3, '13874291455', 682, NULL);
INSERT INTO `customers` VALUES ('813572199901043467', '女', '吴淑君', '1999-01-04', 4, '13579080332', 1467, NULL);
INSERT INTO `customers` VALUES ('813785199209081750', '女', '马晨茜', '1992-09-08', 4, '13347185758', 1038, NULL);
INSERT INTO `customers` VALUES ('813922198201046951', '男', '袁天赫', '1982-01-04', 4, '13785438815', 1070, NULL);
INSERT INTO `customers` VALUES ('814316198802082940', '女', '滕忠林', '1988-02-08', 4, '13153927565', 1146, NULL);
INSERT INTO `customers` VALUES ('814372199508230370', '女', '岑嘉怡', '1995-08-23', 4, '13072689338', 1100, NULL);
INSERT INTO `customers` VALUES ('815174199509065285', '男', '蒋建政', '1995-09-06', 2, '18765182323', 310, NULL);
INSERT INTO `customers` VALUES ('816392199105026604', '女', '鲁昊轩', '1991-05-02', 3, '13122869920', 570, NULL);
INSERT INTO `customers` VALUES ('816651199908211765', '男', '于雅晗', '1999-08-21', 3, '13275475147', 572, NULL);
INSERT INTO `customers` VALUES ('817244198806175493', '女', '卜淑华', '1988-06-17', 2, '13218820451', 478, NULL);
INSERT INTO `customers` VALUES ('818185198002119763', '男', '周伟洋', '1980-02-11', 3, '13550758184', 788, NULL);
INSERT INTO `customers` VALUES ('818634199904080193', '男', '唐淑慧', '1999-04-08', 2, '13512504214', 320, NULL);
INSERT INTO `customers` VALUES ('819694198209116097', '男', '任贺祥', '1982-09-11', 3, '17045592596', 768, NULL);
INSERT INTO `customers` VALUES ('821619199907267713', '男', '方熙涵', '1999-07-26', 2, '18724985436', 358, NULL);
INSERT INTO `customers` VALUES ('822175199102074601', '男', '尹雄霖', '1991-02-07', 2, '13302168761', 302, NULL);
INSERT INTO `customers` VALUES ('822184198809085218', '男', '陈春齐', '1988-09-08', 3, '13103203136', 606, NULL);
INSERT INTO `customers` VALUES ('822474199108153511', '男', '秦佳毅', '1991-08-15', 3, '13359952696', 566, NULL);
INSERT INTO `customers` VALUES ('82311519910417351X', '男', '马忠林', '1991-04-17', 2, '18936749090', 230, NULL);
INSERT INTO `customers` VALUES ('823366199504088614', '男', '郝禹辰', '1995-04-08', 4, '13058598181', 1196, NULL);
INSERT INTO `customers` VALUES ('823519199604191105', '女', '吴易轩', '1996-04-19', 3, '18781478736', 524, NULL);
INSERT INTO `customers` VALUES ('826187199801023677', '女', '昌亦菲', '1998-01-02', 2, '13511103894', 376, NULL);
INSERT INTO `customers` VALUES ('826754199105169870', '男', '乐榕汕', '1991-05-16', 4, '13549462344', 1116, NULL);
INSERT INTO `customers` VALUES ('827175199003109797', '男', '俞子璇', '1990-03-10', 3, '17020844788', 730, NULL);
INSERT INTO `customers` VALUES ('827887199205176588', '男', '黄润莎', '1992-05-17', 2, '13255727285', 208, NULL);
INSERT INTO `customers` VALUES ('82953519970720068X', '女', '杨晨璐', '1997-07-20', 3, '13373252267', 952, NULL);
INSERT INTO `customers` VALUES ('832539199405080943', '男', '齐甜', '1994-05-08', 3, '13288510257', 728, NULL);
INSERT INTO `customers` VALUES ('833897198704090873', '女', '雷萌萌', '1987-04-09', 3, '13774957729', 768, NULL);
INSERT INTO `customers` VALUES ('835245199807270444', '男', '曹晨璐', '1998-07-27', 2, '13178190563', 284, NULL);
INSERT INTO `customers` VALUES ('835291199203062271', '男', '苏瑞辰', '1992-03-06', 2, '13129831128', 386, NULL);
INSERT INTO `customers` VALUES ('835449198109080637', '女', '施润莎', '1981-09-08', 4, '13058268869', 1174, NULL);
INSERT INTO `customers` VALUES ('835454199505167449', '女', '曹榕汕', '1995-05-16', 2, '13357987700', 346, NULL);
INSERT INTO `customers` VALUES ('835631199804247859', '男', '安泽惠', '1998-04-24', 2, '17092488771', 408, NULL);
INSERT INTO `customers` VALUES ('835722198208260189', '女', '廉榕汕', '1982-08-26', 2, '13131195496', 258, NULL);
INSERT INTO `customers` VALUES ('835743198101168528', '女', '穆佳钰', '1981-01-16', 3, '13224886867', 594, NULL);
INSERT INTO `customers` VALUES ('836724199106251976', '女', '康新建', '1991-06-25', 4, '13283970174', 1142, NULL);
INSERT INTO `customers` VALUES ('836981198803176784', '女', '李益帆', '1988-03-17', 4, '13177342056', 1132, NULL);
INSERT INTO `customers` VALUES ('837715198001062626', '女', '奚欣欣', '1980-01-06', 3, '13854504516', 806, NULL);
INSERT INTO `customers` VALUES ('83813419980622409X', '女', '褚佳惠', '1998-06-22', 3, '13350295233', 574, NULL);
INSERT INTO `customers` VALUES ('839346199708081432', '女', '张淼', '1997-08-08', 4, '13726093287', 1152, NULL);
INSERT INTO `customers` VALUES ('839355199804229536', '女', '傅添昊', '1998-04-22', 2, '17076006667', 312, NULL);
INSERT INTO `customers` VALUES ('839925198601148533', '女', '朱运昊', '1986-01-14', 2, '13506120787', 452, NULL);
INSERT INTO `customers` VALUES ('83992719870227999X', '男', '郎昕蕊', '1987-02-27', 3, '13263681372', 676, NULL);
INSERT INTO `customers` VALUES ('841851198805183324', '男', '褚尚', '1988-05-18', 2, '13534710381', 470, NULL);
INSERT INTO `customers` VALUES ('842385199104142089', '女', '方添昊', '1991-04-14', 2, '18708310647', 348, NULL);
INSERT INTO `customers` VALUES ('843885198606058227', '女', '韩佳钰', '1986-06-05', 2, '13716457801', 394, NULL);
INSERT INTO `customers` VALUES ('845963199004072367', '女', '杨嘉乐', '1990-04-07', 3, '13799899217', 630, NULL);
INSERT INTO `customers` VALUES ('846696198307105709', '男', '伍萌萌', '1983-07-10', 3, '13162131211', 502, NULL);
INSERT INTO `customers` VALUES ('846864198005192624', '女', '邬佳琪', '1980-05-19', 3, '13807874778', 862, NULL);
INSERT INTO `customers` VALUES ('847486198705131432', '男', '苏慧嘉', '1987-05-13', 2, '13867537030', 278, NULL);
INSERT INTO `customers` VALUES ('848262199605260177', '男', '俞佳惠', '1996-05-26', 3, '18758075337', 616, NULL);
INSERT INTO `customers` VALUES ('848373198407269277', '女', '滕国栋', '1984-07-26', 3, '13535346617', 800, NULL);
INSERT INTO `customers` VALUES ('848421198109243561', '女', '萧杨', '1981-09-24', 3, '13049391195', 678, NULL);
INSERT INTO `customers` VALUES ('85124519980806575X', '女', '邬明远', '1998-08-06', 3, '17032096075', 876, NULL);
INSERT INTO `customers` VALUES ('851391198403172011', '男', '卜一鸣', '1984-03-17', 3, '13591099605', 578, NULL);
INSERT INTO `customers` VALUES ('851513198705101173', '男', '何涵越', '1987-05-10', 3, '18967066140', 892, NULL);
INSERT INTO `customers` VALUES ('851963198808077298', '女', '廉苒溪', '1988-08-07', 3, '13006279807', 966, NULL);
INSERT INTO `customers` VALUES ('852528198405033223', '男', '喻晨璐', '1984-05-03', 2, '17075968703', 370, NULL);
INSERT INTO `customers` VALUES ('853535198808268582', '男', '伍瑞堂', '1988-08-26', 2, '17054479754', 374, NULL);
INSERT INTO `customers` VALUES ('854881199803029275', '女', '乐亦菲', '1998-03-02', 3, '13264831593', 832, NULL);
INSERT INTO `customers` VALUES ('855377198001159240', '男', '杨敏', '1980-01-15', 2, '13015877186', 224, NULL);
INSERT INTO `customers` VALUES ('85577819910525558X', '男', '戚晨璐', '1991-05-25', 3, '13869285975', 766, NULL);
INSERT INTO `customers` VALUES ('859911198502203256', '女', '柏佳怡', '1985-02-20', 3, '13555438330', 534, NULL);
INSERT INTO `customers` VALUES ('86113419860722127X', '男', '余佳毅', '1986-07-22', 2, '13822710561', 212, NULL);
INSERT INTO `customers` VALUES ('862782199406068263', '女', '余慧嘉', '1994-06-06', 3, '13088847436', 528, NULL);
INSERT INTO `customers` VALUES ('862858198801269170', '男', '王贺祥', '1988-01-26', 4, '13192101074', 1152, NULL);
INSERT INTO `customers` VALUES ('862887198505231030', '男', '奚雄霖', '1985-05-23', 2, '18990398830', 342, NULL);
INSERT INTO `customers` VALUES ('862936199602275940', '男', '傅苒溪', '1996-02-27', 3, '13708442253', 880, NULL);
INSERT INTO `customers` VALUES ('86325419910607300X', '男', '傅昊轩', '1991-06-07', 3, '13875850267', 760, NULL);
INSERT INTO `customers` VALUES ('863397198905161402', '女', '何春齐', '1989-05-16', 3, '13246139042', 738, NULL);
INSERT INTO `customers` VALUES ('86448619840116843X', '女', '冯春齐', '1984-01-16', 2, '17010670080', 290, NULL);
INSERT INTO `customers` VALUES ('864783199003086270', '男', '黄语晨', '1990-03-08', 3, '13559219425', 728, NULL);
INSERT INTO `customers` VALUES ('865481199908020518', '女', '褚新建', '1999-08-02', 2, '13318920975', 358, NULL);
INSERT INTO `customers` VALUES ('866535198508142886', '男', '苏运昊', '1985-08-14', 3, '13540095233', 796, NULL);
INSERT INTO `customers` VALUES ('866773198005056416', '女', '平天赫', '1980-05-05', 3, '13171791136', 638, NULL);
INSERT INTO `customers` VALUES ('868253199605083753', '女', '施翔', '1996-05-08', 2, '17021065617', 478, NULL);
INSERT INTO `customers` VALUES ('868545199805272854', '女', '秦榕汕', '1998-05-27', 4, '13159135671', 1008, NULL);
INSERT INTO `customers` VALUES ('868596198302147782', '女', '罗建林', '1983-02-14', 3, '18792392879', 912, NULL);
INSERT INTO `customers` VALUES ('869234199107172923', '男', '严语晨', '1991-07-17', 3, '13220779246', 872, NULL);
INSERT INTO `customers` VALUES ('871398199909087685', '女', '卜益冉', '1999-09-08', 3, '13247780208', 838, NULL);
INSERT INTO `customers` VALUES ('872164198003274558', '男', '杨欣源', '1980-03-27', 2, '13838827005', 426, NULL);
INSERT INTO `customers` VALUES ('873248198903169960', '男', '萧天昊', '1989-03-16', 2, '13759458084', 410, NULL);
INSERT INTO `customers` VALUES ('873685198607169855', '男', '和淑华', '1986-07-16', 4, '18767663117', 1170, NULL);
INSERT INTO `customers` VALUES ('874216199302085192', '男', '许汝鑫', '1993-02-08', 2, '18736784181', 480, NULL);
INSERT INTO `customers` VALUES ('874454199109052259', '女', '朱益辰', '1991-09-05', 2, '18982691490', 300, NULL);
INSERT INTO `customers` VALUES ('876613199602111887', '男', '韦添池', '1996-02-11', 3, '13749673339', 890, NULL);
INSERT INTO `customers` VALUES ('881141198102215517', '男', '王溶溶', '1981-02-21', 3, '13759994593', 992, NULL);
INSERT INTO `customers` VALUES ('881469198602051929', '男', '黄萌萌', '1986-02-05', 4, '13808633203', 1140, NULL);
INSERT INTO `customers` VALUES ('881961198905132052', '男', '喻语晨', '1989-05-13', 3, '18906328361', 790, NULL);
INSERT INTO `customers` VALUES ('883522199009089447', '男', '卜欣怡', '1990-09-08', 2, '13168437580', 308, NULL);
INSERT INTO `customers` VALUES ('884635198402168655', '男', '苏泽远', '1984-02-16', 2, '18971509757', 224, NULL);
INSERT INTO `customers` VALUES ('88638319920818998X', '女', '史甜', '1992-08-18', 3, '13356933037', 710, NULL);
INSERT INTO `customers` VALUES ('887151199708182628', '男', '凤添昊', '1997-08-18', 4, '13527402561', 1028, NULL);
INSERT INTO `customers` VALUES ('887212199201021084', '男', '孟雅涵', '1992-01-02', 4, '13341320771', 1162, NULL);
INSERT INTO `customers` VALUES ('887247199705256450', '男', '杨浩晨', '1997-05-25', 4, '13532709040', 1233, NULL);
INSERT INTO `customers` VALUES ('887699198009258819', '男', '时佳玉', '1980-09-25', 3, '13599354968', 758, NULL);
INSERT INTO `customers` VALUES ('888388199001119574', '男', '褚天昊', '1990-01-11', 3, '17016290007', 920, NULL);
INSERT INTO `customers` VALUES ('892279199105147910', '男', '何尚', '1991-05-14', 3, '18937965491', 804, NULL);
INSERT INTO `customers` VALUES ('892299198908198392', '女', '戚凌晶', '1989-08-19', 2, '13766847316', 306, NULL);
INSERT INTO `customers` VALUES ('892594199006148491', '男', '于林', '1990-06-14', 4, '18706590710', 1020, NULL);
INSERT INTO `customers` VALUES ('893642199403192947', '女', '朱淼', '1994-03-19', 2, '13768577958', 488, NULL);
INSERT INTO `customers` VALUES ('894362199407043367', '男', '毕伟洋', '1994-07-04', 4, '13077950409', 1302, NULL);
INSERT INTO `customers` VALUES ('894834199904031297', '男', '乐熙涵', '1999-04-03', 3, '17017006816', 812, NULL);
INSERT INTO `customers` VALUES ('895589199902244838', '女', '韦禹辰', '1999-02-24', 2, '13172341485', 336, NULL);
INSERT INTO `customers` VALUES ('89731219940815499X', '男', '郎建政', '1994-08-15', 3, '13735969097', 762, NULL);
INSERT INTO `customers` VALUES ('89794919960921216X', '女', '雷美欣', '1996-09-21', 3, '13539642547', 782, NULL);
INSERT INTO `customers` VALUES ('898939199807145760', '男', '马榕润', '1998-07-14', 4, '18759660559', 1144, NULL);
INSERT INTO `customers` VALUES ('911381199901100668', '男', '秦林', '1999-01-10', 2, '13729732987', 320, NULL);
INSERT INTO `customers` VALUES ('911924198605275827', '男', '彭雅涵', '1986-05-27', 2, '13348960742', 420, NULL);
INSERT INTO `customers` VALUES ('914514198606016710', '男', '赵雄霖', '1986-06-01', 2, '17026533116', 346, NULL);
INSERT INTO `customers` VALUES ('914867198403029481', '男', '于晨璐', '1984-03-02', 4, '18785838305', 1008, NULL);
INSERT INTO `customers` VALUES ('915825198507109301', '男', '薛新建', '1985-07-10', 4, '13347235342', 1064, NULL);
INSERT INTO `customers` VALUES ('916412199804191227', '女', '沈一鸣', '1998-04-19', 2, '17004052367', 362, NULL);
INSERT INTO `customers` VALUES ('916843198004252871', '女', '窦佳昊', '1980-04-25', 3, '13146457860', 590, NULL);
INSERT INTO `customers` VALUES ('919141198907050797', '女', '岑子璇', '1989-07-05', 2, '18750083903', 264, NULL);
INSERT INTO `customers` VALUES ('919417199204034791', '女', '赵晓庆', '1992-04-03', 2, '13517965706', 298, NULL);
INSERT INTO `customers` VALUES ('919748198607100112', '男', '柳欣欣', '1986-07-10', 4, '13802632353', 1160, NULL);
INSERT INTO `customers` VALUES ('919959199909121108', '女', '彭凌晶', '1999-09-12', 2, '13523896426', 202, NULL);
INSERT INTO `customers` VALUES ('922752198303091210', '男', '葛佳惠', '1983-03-09', 4, '17032341275', 1172, NULL);
INSERT INTO `customers` VALUES ('923416199202062318', '男', '史文轩', '1992-02-06', 2, '13111815515', 444, NULL);
INSERT INTO `customers` VALUES ('92346919800508767X', '女', '朱泽惠', '1980-05-08', 3, '17073398552', 870, NULL);
INSERT INTO `customers` VALUES ('924353198309168254', '男', '云苒溪', '1983-09-16', 2, '13534560184', 204, NULL);
INSERT INTO `customers` VALUES ('924392198506108650', '男', '罗欣怡', '1985-06-10', 3, '17081628491', 592, NULL);
INSERT INTO `customers` VALUES ('924473199703103665', '女', '鲍晶莹', '1997-03-10', 2, '17037533347', 350, NULL);
INSERT INTO `customers` VALUES ('925126199606135964', '女', '章文轩', '1996-06-13', 2, '13208477805', 258, NULL);
INSERT INTO `customers` VALUES ('925751198504061428', '男', '元诗悦', '1985-04-06', 3, '13231932463', 888, NULL);
INSERT INTO `customers` VALUES ('925948199809144475', '男', '鲍欣慧', '1998-09-14', 4, '18905345509', 1176, NULL);
INSERT INTO `customers` VALUES ('926682198502257814', '女', '韩熙涵', '1985-02-25', 3, '13796936379', 826, NULL);
INSERT INTO `customers` VALUES ('92739419980608200X', '女', '金冰洁', '1998-06-08', 3, '17053838241', 780, NULL);
INSERT INTO `customers` VALUES ('929111198305067392', '男', '张添池', '1983-05-06', 2, '13238527510', 264, NULL);
INSERT INTO `customers` VALUES ('93215719830303310X', '男', '葛晶滢', '1983-03-03', 3, '17006931950', 656, NULL);
INSERT INTO `customers` VALUES ('932371198106156694', '男', '卜一鸣', '1981-06-15', 3, '13114497890', 994, NULL);
INSERT INTO `customers` VALUES ('932739198302027920', '男', '冯欣慧', '1983-02-02', 2, '18938033742', 224, NULL);
INSERT INTO `customers` VALUES ('933378198004135978', '男', '凤子璇', '1980-04-13', 3, '17096497862', 534, NULL);
INSERT INTO `customers` VALUES ('935347199009225595', '男', '李榕汕', '1990-09-22', 2, '13821938654', 232, NULL);
INSERT INTO `customers` VALUES ('93636519860122593X', '女', '费欣欣', '1986-01-22', 3, '18910156368', 946, NULL);
INSERT INTO `customers` VALUES ('936399198106160693', '男', '萧昊轩', '1981-06-16', 2, '13096086253', 464, NULL);
INSERT INTO `customers` VALUES ('941922198202142600', '女', '酆玥傲', '1982-02-14', 3, '13215117696', 610, NULL);
INSERT INTO `customers` VALUES ('94234919870507971X', '女', '黄美欣', '1987-05-07', 2, '13841220230', 486, NULL);
INSERT INTO `customers` VALUES ('942616198008035497', '男', '华林', '1980-08-03', 2, '18711121833', 240, NULL);
INSERT INTO `customers` VALUES ('944995198109165067', '男', '卜敏', '1981-09-16', 3, '13843020800', 898, NULL);
INSERT INTO `customers` VALUES ('945459199109243128', '男', '伍润莎', '1991-09-24', 3, '13897576828', 696, NULL);
INSERT INTO `customers` VALUES ('946429198702189474', '男', '周淳美', '1987-02-18', 4, '17097551125', 1158, NULL);
INSERT INTO `customers` VALUES ('948181199503050897', '男', '卫添昊', '1995-03-05', 4, '13700339381', 1122, NULL);
INSERT INTO `customers` VALUES ('94897119870121801X', '男', '曹欣欣', '1987-01-21', 3, '17060138900', 932, NULL);
INSERT INTO `customers` VALUES ('949134199007180592', '男', '黄尚', '1990-07-18', 3, '18773433908', 836, NULL);
INSERT INTO `customers` VALUES ('951436198102227853', '男', '平佳毅', '1981-02-22', 3, '13895631184', 998, NULL);
INSERT INTO `customers` VALUES ('952967199908207541', '男', '施涵越', '1999-08-20', 3, '13029710402', 798, NULL);
INSERT INTO `customers` VALUES ('953186199403200287', '男', '廉子璇', '1994-03-20', 4, '18797614686', 1088, NULL);
INSERT INTO `customers` VALUES ('953393198905214267', '男', '金运昊', '1989-05-21', 2, '17097394121', 250, NULL);
INSERT INTO `customers` VALUES ('953458199202237340', '女', '贺瑞辰', '1992-02-23', 3, '13215318220', 758, NULL);
INSERT INTO `customers` VALUES ('955323199101146032', '男', '金欣慧', '1991-01-14', 3, '13162355763', 688, NULL);
INSERT INTO `customers` VALUES ('955538199807069652', '女', '毕禹辰', '1998-07-06', 2, '18913105077', 424, NULL);
INSERT INTO `customers` VALUES ('956292199805179682', '男', '方昕蕊', '1998-05-17', 3, '13769378975', 868, NULL);
INSERT INTO `customers` VALUES ('95691619950701809X', '男', '史亦菲', '1995-07-01', 3, '18770472556', 772, NULL);
INSERT INTO `customers` VALUES ('959538199409068375', '男', '元国栋', '1994-09-06', 2, '13082568549', 346, NULL);
INSERT INTO `customers` VALUES ('959977199104056337', '男', '彭运昊', '1991-04-05', 3, '13815228683', 858, NULL);
INSERT INTO `customers` VALUES ('96172619870711761X', '男', '许国栋', '1987-07-11', 2, '18967779943', 266, NULL);
INSERT INTO `customers` VALUES ('962455198604065542', '女', '元涵涵', '1986-04-06', 3, '13033751199', 930, NULL);
INSERT INTO `customers` VALUES ('963775198309271979', '女', '谢榕汕', '1983-09-27', 2, '13883034168', 372, NULL);
INSERT INTO `customers` VALUES ('964452198601106145', '女', '鲁建政', '1986-01-10', 3, '18989929947', 834, NULL);
INSERT INTO `customers` VALUES ('965868198601218191', '男', '余欣汝', '1986-01-21', 3, '13312630171', 570, NULL);
INSERT INTO `customers` VALUES ('966262198407153507', '男', '沈雨涵', '1984-07-15', 3, '13834533198', 958, NULL);
INSERT INTO `customers` VALUES ('966497199401234600', '男', '元佳琪', '1994-01-23', 3, '13535974295', 832, NULL);
INSERT INTO `customers` VALUES ('967213199501194207', '女', '卞文轩', '1995-01-19', 3, '17069359588', 768, NULL);
INSERT INTO `customers` VALUES ('96775319910720521X', '女', '元雅涵', '1991-07-20', 3, '17077763839', 948, NULL);
INSERT INTO `customers` VALUES ('96865819800610800X', '男', '常慧嘉', '1980-06-10', 3, '13750767673', 676, NULL);
INSERT INTO `customers` VALUES ('969368198509014352', '男', '鲍甜', '1985-09-01', 3, '13050553280', 572, NULL);
INSERT INTO `customers` VALUES ('969955198401260384', '男', '皮清妍', '1984-01-26', 2, '13859778965', 414, NULL);
INSERT INTO `customers` VALUES ('971632199109266832', '女', '范运昊', '1991-09-26', 4, '13540439047', 1078, NULL);
INSERT INTO `customers` VALUES ('972245198904197473', '男', '伍雄霖', '1989-04-19', 2, '13237338605', 352, NULL);
INSERT INTO `customers` VALUES ('972779199702043084', '女', '花雅涵', '1997-02-04', 3, '17027924974', 964, NULL);
INSERT INTO `customers` VALUES ('97323319860205283X', '女', '萧敏', '1986-02-05', 3, '13039890870', 960, NULL);
INSERT INTO `customers` VALUES ('974354199603170494', '女', '鲁佳昊', '1996-03-17', 4, '18923609533', 1140, NULL);
INSERT INTO `customers` VALUES ('97444419880707243X', '男', '元瑾昆', '1988-07-07', 2, '13246722747', 474, NULL);
INSERT INTO `customers` VALUES ('974574198904267208', '男', '伍瑾昆', '1989-04-26', 3, '13775473426', 858, NULL);
INSERT INTO `customers` VALUES ('976111198801228657', '女', '施榕润', '1988-01-22', 4, '17041638409', 1116, NULL);
INSERT INTO `customers` VALUES ('976797199203129031', '男', '齐冰洁', '1992-03-12', 4, '13004543809', 1170, NULL);
INSERT INTO `customers` VALUES ('981135198606208747', '男', '傅欣宜', '1986-06-20', 3, '13727367405', 868, NULL);
INSERT INTO `customers` VALUES ('98166319850320923X', '男', '郎佳钰', '1985-03-20', 2, '13296737779', 488, NULL);
INSERT INTO `customers` VALUES ('982175199309043065', '男', '元运昊', '1993-09-04', 3, '13818883398', 736, NULL);
INSERT INTO `customers` VALUES ('982652199304154930', '男', '窦萌', '1993-04-15', 2, '18734127207', 496, NULL);
INSERT INTO `customers` VALUES ('984877199901155018', '女', '魏子璇', '1999-01-15', 3, '18799621222', 876, NULL);
INSERT INTO `customers` VALUES ('985721198403159250', '男', '傅佳毅', '1984-03-15', 4, '18748988472', 1000, NULL);
INSERT INTO `customers` VALUES ('98686819850718900X', '男', '尹晨璐', '1985-07-18', 3, '13391588113', 582, NULL);
INSERT INTO `customers` VALUES ('986944198706249647', '男', '金亦菲', '1987-06-24', 3, '13195725213', 866, NULL);
INSERT INTO `customers` VALUES ('993155199705088406', '女', '云萌', '1997-05-08', 3, '13820439312', 914, NULL);
INSERT INTO `customers` VALUES ('994278198501035886', '男', '朱国栋', '1985-01-03', 3, '13544482963', 794, NULL);
INSERT INTO `customers` VALUES ('997328199903251740', '女', '尹文轩', '1999-03-25', 3, '17098178538', 822, NULL);
INSERT INTO `customers` VALUES ('999418198702104840', '男', '时天赫', '1987-02-10', 3, '13357291043', 876, NULL);

-- ----------------------------
-- Table structure for orders
-- ----------------------------
DROP TABLE IF EXISTS `orders`;
CREATE TABLE `orders`  (
  `orderNumber` char(32) CHARACTER SET utf8 COLLATE utf8_bin NOT NULL,
  `orderStatus` char(18) CHARACTER SET utf8 COLLATE utf8_bin NULL DEFAULT NULL,
  `customerIDCard` char(18) CHARACTER SET utf8 COLLATE utf8_bin NULL DEFAULT NULL,
  `roomNumber` char(6) CHARACTER SET utf8 COLLATE utf8_bin NOT NULL,
  `checkInTime` date NOT NULL,
  `checkOutTime` date NOT NULL,
  `totalMoney` int UNSIGNED NOT NULL,
  `waiterID` varchar(10) CHARACTER SET utf8 COLLATE utf8_bin NOT NULL,
  `remarks` varchar(32) CHARACTER SET utf8 COLLATE utf8_bin NULL DEFAULT NULL,
  `orderTime` date NOT NULL,
  PRIMARY KEY (`orderNumber`) USING BTREE,
  INDEX `customerIDCard`(`customerIDCard`) USING BTREE,
  INDEX `roomNumber`(`roomNumber`) USING BTREE,
  INDEX `waiterID`(`waiterID`) USING BTREE,
  INDEX `indexOrderStatusNumber`(`orderNumber`, `orderStatus`) USING BTREE,
  CONSTRAINT `orders_ibfk_1` FOREIGN KEY (`customerIDCard`) REFERENCES `customers` (`customerIDCard`) ON DELETE RESTRICT ON UPDATE RESTRICT,
  CONSTRAINT `orders_ibfk_2` FOREIGN KEY (`roomNumber`) REFERENCES `room` (`roomNumber`) ON DELETE RESTRICT ON UPDATE RESTRICT,
  CONSTRAINT `orders_ibfk_3` FOREIGN KEY (`waiterID`) REFERENCES `waiter` (`waiterID`) ON DELETE RESTRICT ON UPDATE RESTRICT
) ENGINE = InnoDB CHARACTER SET = utf8 COLLATE = utf8_bin ROW_FORMAT = Dynamic;

-- ----------------------------
-- Records of orders
-- ----------------------------
INSERT INTO `orders` VALUES ('202107080007000000000001', '已退房', '985721198403159250', '000085', '2017-12-04', '2017-12-07', 200, 'lx', NULL, '2017-12-04');
INSERT INTO `orders` VALUES ('202107080007000003', '已退房', '985721198403159250', '000085', '2017-12-04', '2017-12-07', 200, 'lx', NULL, '2017-12-04');
INSERT INTO `orders` VALUES ('202107080007000004', '已退房', '291597198206078821', '000089', '2017-12-07', '2017-12-09', 176, 'chiron', NULL, '2017-12-07');
INSERT INTO `orders` VALUES ('202107080007000005', '已退房', '563972198206099229', '000010', '2017-12-01', '2017-12-02', 158, 'lqq', NULL, '2017-12-01');
INSERT INTO `orders` VALUES ('202107080007000006', '已退房', '415639199702161993', '000006', '2017-12-10', '2017-12-13', 242, 'lqq', NULL, '2017-12-10');
INSERT INTO `orders` VALUES ('202107080007000007', '已退房', '255376198303159686', '000067', '2017-12-07', '2017-12-08', 380, 'chiron', NULL, '2017-12-07');
INSERT INTO `orders` VALUES ('202107080007000008', '已退房', '735414198907182570', '000015', '2017-12-09', '2017-12-11', 571, 'lx', NULL, '2017-12-09');
INSERT INTO `orders` VALUES ('202107080007000009', '已退房', '772566198206081810', '000039', '2017-12-13', '2017-12-16', 307, 'lqq', NULL, '2017-12-13');
INSERT INTO `orders` VALUES ('202107080007000010', '已退房', '895589199902244838', '000050', '2017-12-13', '2017-12-15', 168, 'lx', NULL, '2017-12-13');
INSERT INTO `orders` VALUES ('202107080007000011', '已退房', '817244198806175493', '000071', '2017-12-05', '2017-12-06', 239, 'lx', NULL, '2017-12-05');
INSERT INTO `orders` VALUES ('202107080007000012', '已退房', '226245199403257144', '000056', '2017-12-08', '2017-12-10', 277, 'lx', NULL, '2017-12-08');
INSERT INTO `orders` VALUES ('202107080007000013', '已退房', '223932198601121044', '000044', '2017-12-11', '2017-12-14', 235, 'lx', NULL, '2017-12-11');
INSERT INTO `orders` VALUES ('202107080007000014', '已退房', '871398199909087685', '000020', '2017-12-13', '2017-12-16', 419, 'lx', NULL, '2017-12-13');
INSERT INTO `orders` VALUES ('202107080007000015', '已退房', '383111199408275811', '000077', '2017-12-03', '2017-12-06', 363, 'lx', NULL, '2017-12-03');
INSERT INTO `orders` VALUES ('202107080007000016', '已退房', '799521198602272800', '000035', '2017-12-08', '2017-12-11', 419, 'chiron', NULL, '2017-12-08');
INSERT INTO `orders` VALUES ('202107080007000017', '已退房', '336363199008252072', '000091', '2017-12-06', '2017-12-09', 452, 'lx', NULL, '2017-12-06');
INSERT INTO `orders` VALUES ('202107080007000018', '已退房', '823519199604191105', '000045', '2017-12-05', '2017-12-07', 262, 'lx', NULL, '2017-12-05');
INSERT INTO `orders` VALUES ('202107080007000019', '已退房', '699227199904275110', '000058', '2017-12-05', '2017-12-06', 457, 'lx', NULL, '2017-12-05');
INSERT INTO `orders` VALUES ('202107080007000020', '已退房', '733686199501188353', '000094', '2017-12-10', '2017-12-12', 345, 'lqq', NULL, '2017-12-10');
INSERT INTO `orders` VALUES ('202107080007000021', '已退房', '253933198709016854', '000044', '2017-12-07', '2017-12-10', 142, 'lx', NULL, '2017-12-07');
INSERT INTO `orders` VALUES ('202107080007000022', '已退房', '169242199802151168', '000092', '2017-12-12', '2017-12-15', 459, 'lx', NULL, '2017-12-12');
INSERT INTO `orders` VALUES ('202107080007000023', '已退房', '842385199104142089', '000086', '2017-12-11', '2017-12-12', 174, 'chiron', NULL, '2017-12-11');
INSERT INTO `orders` VALUES ('202107080007000024', '已退房', '688159198102061709', '000032', '2017-12-03', '2017-12-06', 253, 'chiron', NULL, '2017-12-03');
INSERT INTO `orders` VALUES ('202107080007000025', '已退房', '348766199502095759', '000098', '2017-12-08', '2017-12-10', 541, 'lqq', NULL, '2017-12-08');
INSERT INTO `orders` VALUES ('202107080007000026', '已退房', '161298198602224000', '000059', '2017-12-04', '2017-12-05', 333, 'lx', NULL, '2017-12-04');
INSERT INTO `orders` VALUES ('202107080007000027', '已退房', '837715198001062626', '000062', '2017-12-05', '2017-12-06', 403, 'lqq', NULL, '2017-12-05');
INSERT INTO `orders` VALUES ('202107080007000028', '已退房', '952967199908207541', '000081', '2017-12-10', '2017-12-12', 399, 'chiron', NULL, '2017-12-10');
INSERT INTO `orders` VALUES ('202107080007000029', '已退房', '741935198408184229', '000056', '2017-12-11', '2017-12-14', 380, 'lx', NULL, '2017-12-11');
INSERT INTO `orders` VALUES ('202107080007000030', '已退房', '55517419870926730X', '000093', '2017-12-05', '2017-12-07', 415, 'chiron', NULL, '2017-12-05');
INSERT INTO `orders` VALUES ('202107080007000031', '已退房', '257259199405272940', '000012', '2017-12-05', '2017-12-07', 379, 'lqq', NULL, '2017-12-05');
INSERT INTO `orders` VALUES ('202107080007000032', '已退房', '217342199402210286', '000091', '2017-12-13', '2017-12-15', 414, 'lx', NULL, '2017-12-13');
INSERT INTO `orders` VALUES ('202107080007000033', '已退房', '465983198105139890', '000060', '2017-12-10', '2017-12-12', 373, 'lqq', NULL, '2017-12-10');
INSERT INTO `orders` VALUES ('202107080007000034', '已退房', '16586719840617188X', '000072', '2017-12-13', '2017-12-16', 504, 'lx', NULL, '2017-12-13');
INSERT INTO `orders` VALUES ('202107080007000035', '已退房', '753119198607219607', '000063', '2017-12-07', '2017-12-10', 551, 'lx', NULL, '2017-12-07');
INSERT INTO `orders` VALUES ('202107080007000036', '已退房', '329313199002229960', '000042', '2017-12-14', '2017-12-17', 474, 'lqq', NULL, '2017-12-14');
INSERT INTO `orders` VALUES ('202107080007000037', '已退房', '524876199807015068', '000069', '2017-12-10', '2017-12-13', 463, 'lx', NULL, '2017-12-10');
INSERT INTO `orders` VALUES ('202107080007000038', '已退房', '83813419980622409X', '000068', '2017-12-11', '2017-12-13', 287, 'lx', NULL, '2017-12-11');
INSERT INTO `orders` VALUES ('202107080007000039', '已退房', '932371198106156694', '000069', '2017-12-12', '2017-12-15', 497, 'lx', NULL, '2017-12-12');
INSERT INTO `orders` VALUES ('202107080007000040', '已退房', '127772198709188363', '000039', '2017-12-07', '2017-12-09', 538, 'chiron', NULL, '2017-12-07');
INSERT INTO `orders` VALUES ('202107080007000041', '已退房', '719436198505080932', '000006', '2017-12-13', '2017-12-16', 379, 'lx', NULL, '2017-12-13');
INSERT INTO `orders` VALUES ('202107080007000042', '已退房', '665719199904099303', '000056', '2017-12-14', '2017-12-17', 141, 'lx', NULL, '2017-12-14');
INSERT INTO `orders` VALUES ('202107080007000043', '已退房', '953393198905214267', '000027', '2017-12-13', '2017-12-16', 125, 'lx', NULL, '2017-12-13');
INSERT INTO `orders` VALUES ('202107080007000044', '已退房', '788553199001025356', '000069', '2017-12-14', '2017-12-17', 406, 'lqq', NULL, '2017-12-14');
INSERT INTO `orders` VALUES ('202107080007000045', '已退房', '942616198008035497', '000045', '2017-12-13', '2017-12-14', 120, 'chiron', NULL, '2017-12-13');
INSERT INTO `orders` VALUES ('202107080007000046', '已退房', '984877199901155018', '000024', '2017-12-13', '2017-12-15', 438, 'lx', NULL, '2017-12-13');
INSERT INTO `orders` VALUES ('202107080007000047', '已退房', '679858198808130877', '000087', '2017-12-09', '2017-12-11', 209, 'lx', NULL, '2017-12-09');
INSERT INTO `orders` VALUES ('202107080007000048', '已退房', '415416198005027131', '000003', '2017-12-06', '2017-12-08', 518, 'chiron', NULL, '2017-12-06');
INSERT INTO `orders` VALUES ('202107080007000049', '已退房', '776744199505131129', '000085', '2017-12-08', '2017-12-11', 287, 'lx', NULL, '2017-12-08');
INSERT INTO `orders` VALUES ('202107080007000050', '已退房', '565221199507268485', '000083', '2017-12-10', '2017-12-13', 459, 'lx', NULL, '2017-12-10');
INSERT INTO `orders` VALUES ('202107080007000051', '已退房', '881141198102215517', '000095', '2017-12-10', '2017-12-11', 496, 'lqq', NULL, '2017-12-10');
INSERT INTO `orders` VALUES ('202107080007000052', '已退房', '39315919980902892X', '000008', '2017-12-13', '2017-12-14', 286, 'lx', NULL, '2017-12-13');
INSERT INTO `orders` VALUES ('202107080007000053', '已退房', '239688198701209214', '000068', '2017-12-06', '2017-12-07', 435, 'lx', NULL, '2017-12-06');
INSERT INTO `orders` VALUES ('202107080007000054', '已退房', '969955198401260384', '000052', '2017-12-12', '2017-12-15', 207, 'lqq', NULL, '2017-12-12');
INSERT INTO `orders` VALUES ('202107080007000055', '已退房', '826187199801023677', '000084', '2017-12-13', '2017-12-14', 188, 'lx', NULL, '2017-12-13');
INSERT INTO `orders` VALUES ('202107080007000056', '已退房', '211252198901232962', '000094', '2017-12-14', '2017-12-16', 486, 'lx', NULL, '2017-12-14');
INSERT INTO `orders` VALUES ('202107080007000057', '已退房', '816651199908211765', '000003', '2017-12-09', '2017-12-10', 286, 'lx', NULL, '2017-12-09');
INSERT INTO `orders` VALUES ('202107080007000058', '已退房', '999418198702104840', '000071', '2017-12-12', '2017-12-13', 438, 'chiron', NULL, '2017-12-12');
INSERT INTO `orders` VALUES ('202107080007000059', '已退房', '57384719940804452X', '000029', '2017-12-07', '2017-12-08', 127, 'lx', NULL, '2017-12-07');
INSERT INTO `orders` VALUES ('202107080007000060', '已退房', '781968199003134361', '000033', '2017-12-05', '2017-12-08', 538, 'lx', NULL, '2017-12-05');
INSERT INTO `orders` VALUES ('202107080007000061', '已退房', '595569199306067373', '000024', '2017-12-05', '2017-12-06', 181, 'lx', NULL, '2017-12-05');
INSERT INTO `orders` VALUES ('202107080007000062', '已退房', '851513198705101173', '000070', '2017-12-14', '2017-12-16', 446, 'lqq', NULL, '2017-12-14');
INSERT INTO `orders` VALUES ('202107080007000063', '已退房', '444645198307210115', '000002', '2017-12-07', '2017-12-09', 279, 'lqq', NULL, '2017-12-07');
INSERT INTO `orders` VALUES ('202107080007000064', '已退房', '367947198405138868', '000011', '2017-12-10', '2017-12-12', 482, 'chiron', NULL, '2017-12-10');
INSERT INTO `orders` VALUES ('202107080007000065', '已退房', '933378198004135978', '000088', '2017-12-07', '2017-12-08', 267, 'lqq', NULL, '2017-12-07');
INSERT INTO `orders` VALUES ('202107080007000066', '已退房', '352251199205254527', '000031', '2017-12-05', '2017-12-06', 555, 'lqq', NULL, '2017-12-05');
INSERT INTO `orders` VALUES ('202107080007000067', '已退房', '313513199104059871', '000067', '2017-12-04', '2017-12-05', 448, 'lqq', NULL, '2017-12-04');
INSERT INTO `orders` VALUES ('202107080007000068', '已退房', '744477199203056454', '000095', '2017-12-06', '2017-12-07', 140, 'lqq', NULL, '2017-12-06');
INSERT INTO `orders` VALUES ('202107080007000069', '已退房', '951436198102227853', '000030', '2017-12-06', '2017-12-08', 499, 'lx', NULL, '2017-12-06');
INSERT INTO `orders` VALUES ('202107080007000070', '已退房', '914514198606016710', '000063', '2017-12-07', '2017-12-08', 173, 'lx', NULL, '2017-12-07');
INSERT INTO `orders` VALUES ('202107080007000071', '已退房', '964452198601106145', '000034', '2017-12-09', '2017-12-12', 417, 'lx', NULL, '2017-12-09');
INSERT INTO `orders` VALUES ('202107080007000072', '已退房', '946429198702189474', '000069', '2017-12-14', '2017-12-17', 579, 'lx', NULL, '2017-12-14');
INSERT INTO `orders` VALUES ('202107080007000073', '已退房', '726925199408152465', '000062', '2017-12-12', '2017-12-14', 341, 'chiron', NULL, '2017-12-12');
INSERT INTO `orders` VALUES ('202107080007000074', '已退房', '526688199805168315', '000061', '2017-12-14', '2017-12-17', 369, 'lqq', NULL, '2017-12-14');
INSERT INTO `orders` VALUES ('202107080007000075', '已退房', '244279198109140325', '000078', '2017-12-04', '2017-12-06', 531, 'lx', NULL, '2017-12-04');
INSERT INTO `orders` VALUES ('202107080007000076', '已退房', '186651199402172225', '000014', '2017-12-15', '2017-12-16', 205, 'lx', NULL, '2017-12-15');
INSERT INTO `orders` VALUES ('202107080007000077', '已退房', '212124199007055396', '000099', '2017-12-13', '2017-12-16', 308, 'chiron', NULL, '2017-12-13');
INSERT INTO `orders` VALUES ('202107080007000078', '已退房', '59862219920223001X', '000008', '2017-12-04', '2017-12-07', 315, 'lqq', NULL, '2017-12-04');
INSERT INTO `orders` VALUES ('202107080007000079', '已退房', '86325419910607300X', '000031', '2017-12-09', '2017-12-12', 380, 'lqq', NULL, '2017-12-09');
INSERT INTO `orders` VALUES ('202107080007000080', '已退房', '668994199805279492', '000065', '2017-12-08', '2017-12-10', 327, 'lqq', NULL, '2017-12-08');
INSERT INTO `orders` VALUES ('202107080007000081', '已退房', '351323198504217886', '000011', '2017-12-10', '2017-12-12', 576, 'lx', NULL, '2017-12-10');
INSERT INTO `orders` VALUES ('202107080007000082', '已退房', '644527199905110548', '000085', '2017-12-09', '2017-12-10', 256, 'lqq', NULL, '2017-12-09');
INSERT INTO `orders` VALUES ('202107080007000083', '已退房', '546773198301059991', '000031', '2017-12-13', '2017-12-14', 277, 'chiron', NULL, '2017-12-13');
INSERT INTO `orders` VALUES ('202107080007000084', '已退房', '367845198407116971', '000020', '2017-12-09', '2017-12-10', 473, 'chiron', NULL, '2017-12-09');
INSERT INTO `orders` VALUES ('202107080007000085', '已退房', '974574198904267208', '000031', '2017-12-11', '2017-12-14', 429, 'lx', NULL, '2017-12-11');
INSERT INTO `orders` VALUES ('202107080007000086', '已退房', '144653198901035101', '000007', '2017-12-16', '2017-12-19', 548, 'lx', NULL, '2017-12-16');
INSERT INTO `orders` VALUES ('202107080007000087', '已退房', '25454319850827543X', '000026', '2017-12-13', '2017-12-15', 531, 'chiron', NULL, '2017-12-13');
INSERT INTO `orders` VALUES ('202107080007000088', '已退房', '545168199508264271', '000092', '2017-12-11', '2017-12-14', 136, 'lx', NULL, '2017-12-11');
INSERT INTO `orders` VALUES ('202107080007000089', '已退房', '864783199003086270', '000035', '2017-12-09', '2017-12-12', 364, 'lx', NULL, '2017-12-09');
INSERT INTO `orders` VALUES ('202107080007000090', '已退房', '274824198203120147', '000024', '2017-12-15', '2017-12-18', 390, 'lx', NULL, '2017-12-15');
INSERT INTO `orders` VALUES ('202107080007000091', '已退房', '219573199204223825', '000058', '2017-12-07', '2017-12-10', 119, 'lx', NULL, '2017-12-07');
INSERT INTO `orders` VALUES ('202107080007000092', '已退房', '164718199703206138', '000047', '2017-12-10', '2017-12-11', 256, 'lx', NULL, '2017-12-10');
INSERT INTO `orders` VALUES ('202107080007000093', '已退房', '219334199502022997', '000007', '2017-12-08', '2017-12-11', 172, 'lx', NULL, '2017-12-08');
INSERT INTO `orders` VALUES ('202107080007000094', '已退房', '949134199007180592', '000074', '2017-12-12', '2017-12-14', 418, 'lx', NULL, '2017-12-12');
INSERT INTO `orders` VALUES ('202107080007000095', '已退房', '599635199209230859', '000074', '2017-12-05', '2017-12-06', 126, 'lx', NULL, '2017-12-05');
INSERT INTO `orders` VALUES ('202107080007000096', '已退房', '435994199501265686', '000031', '2017-12-11', '2017-12-14', 583, 'lx', NULL, '2017-12-11');
INSERT INTO `orders` VALUES ('202107080007000097', '已退房', '955538199807069652', '000063', '2017-12-10', '2017-12-11', 212, 'chiron', NULL, '2017-12-10');
INSERT INTO `orders` VALUES ('202107080007000098', '已退房', '743945198005275534', '000018', '2017-12-10', '2017-12-13', 329, 'lx', NULL, '2017-12-10');
INSERT INTO `orders` VALUES ('202107080007000099', '已退房', '467151199505131398', '000008', '2017-12-14', '2017-12-15', 159, 'lx', NULL, '2017-12-14');
INSERT INTO `orders` VALUES ('202107080007000100', '已退房', '685322198904068932', '000084', '2017-12-07', '2017-12-09', 448, 'lx', NULL, '2017-12-07');
INSERT INTO `orders` VALUES ('202107080007000101', '已退房', '289132199902235827', '000016', '2017-12-11', '2017-12-12', 276, 'chiron', NULL, '2017-12-11');
INSERT INTO `orders` VALUES ('202107080007000102', '已退房', '721614198204036150', '000038', '2017-12-15', '2017-12-18', 579, 'lqq', NULL, '2017-12-15');
INSERT INTO `orders` VALUES ('202107080007000103', '已退房', '526877199109084320', '000013', '2017-12-16', '2017-12-18', 150, 'lx', NULL, '2017-12-16');
INSERT INTO `orders` VALUES ('202107080007000104', '已退房', '322111199108147066', '000094', '2017-12-06', '2017-12-07', 359, 'lx', NULL, '2017-12-06');
INSERT INTO `orders` VALUES ('202107080007000105', '已退房', '822184198809085218', '000079', '2017-12-11', '2017-12-12', 303, 'lqq', NULL, '2017-12-11');
INSERT INTO `orders` VALUES ('202107080007000106', '已退房', '424159198303211521', '000006', '2017-12-06', '2017-12-09', 327, 'lx', NULL, '2017-12-06');
INSERT INTO `orders` VALUES ('202107080007000107', '已退房', '57293119910809318X', '000022', '2017-12-12', '2017-12-14', 526, 'lx', NULL, '2017-12-12');
INSERT INTO `orders` VALUES ('202107080007000108', '已退房', '151786199708044483', '000053', '2017-12-07', '2017-12-08', 459, 'lx', NULL, '2017-12-07');
INSERT INTO `orders` VALUES ('202107080007000109', '已退房', '924473199703103665', '000072', '2017-12-07', '2017-12-09', 175, 'lx', NULL, '2017-12-07');
INSERT INTO `orders` VALUES ('202107080007000110', '已退房', '359647199106039921', '000047', '2017-12-06', '2017-12-07', 323, 'lx', NULL, '2017-12-06');
INSERT INTO `orders` VALUES ('202107080007000111', '已退房', '374598199205238241', '000057', '2017-12-08', '2017-12-10', 389, 'lqq', NULL, '2017-12-08');
INSERT INTO `orders` VALUES ('202107080007000112', '已退房', '242822198005211320', '000011', '2017-12-09', '2017-12-10', 501, 'lx', NULL, '2017-12-09');
INSERT INTO `orders` VALUES ('202107080007000113', '已退房', '93215719830303310X', '000081', '2017-12-14', '2017-12-17', 328, 'lqq', NULL, '2017-12-14');
INSERT INTO `orders` VALUES ('202107080007000114', '已退房', '476735198405050514', '000079', '2017-12-08', '2017-12-10', 146, 'chiron', NULL, '2017-12-08');
INSERT INTO `orders` VALUES ('202107080007000115', '已退房', '747198199607095490', '000011', '2017-12-12', '2017-12-15', 378, 'lqq', NULL, '2017-12-12');
INSERT INTO `orders` VALUES ('202107080007000116', '已退房', '941922198202142600', '000032', '2017-12-09', '2017-12-10', 305, 'lqq', NULL, '2017-12-09');
INSERT INTO `orders` VALUES ('202107080007000117', '已退房', '618264198705173877', '000075', '2017-12-13', '2017-12-16', 246, 'chiron', NULL, '2017-12-13');
INSERT INTO `orders` VALUES ('202107080007000118', '已退房', '541567198204267892', '000087', '2017-12-06', '2017-12-07', 502, 'chiron', NULL, '2017-12-06');
INSERT INTO `orders` VALUES ('202107080007000119', '已退房', '576492199201083372', '000094', '2017-12-16', '2017-12-19', 412, 'chiron', NULL, '2017-12-16');
INSERT INTO `orders` VALUES ('202107080007000120', '已退房', '416578198607231397', '000029', '2017-12-12', '2017-12-13', 331, 'chiron', NULL, '2017-12-12');
INSERT INTO `orders` VALUES ('202107080007000121', '已退房', '955323199101146032', '000037', '2017-12-10', '2017-12-12', 344, 'lx', NULL, '2017-12-10');
INSERT INTO `orders` VALUES ('202107080007000122', '已退房', '662234199302126363', '000044', '2017-12-16', '2017-12-17', 426, 'lx', NULL, '2017-12-16');
INSERT INTO `orders` VALUES ('202107080007000123', '已退房', '781418199301014877', '000045', '2017-12-14', '2017-12-16', 585, 'chiron', NULL, '2017-12-14');
INSERT INTO `orders` VALUES ('202107080007000124', '已退房', '881469198602051929', '000034', '2017-12-10', '2017-12-13', 570, 'lqq', NULL, '2017-12-10');
INSERT INTO `orders` VALUES ('202107080007000125', '已退房', '662644199002278415', '000090', '2017-12-12', '2017-12-15', 214, 'lqq', NULL, '2017-12-12');
INSERT INTO `orders` VALUES ('202107080007000126', '已退房', '97323319860205283X', '000045', '2017-12-13', '2017-12-16', 480, 'lqq', NULL, '2017-12-13');
INSERT INTO `orders` VALUES ('202107080007000127', '已退房', '615853198304138078', '000037', '2017-12-13', '2017-12-14', 166, 'lx', NULL, '2017-12-13');
INSERT INTO `orders` VALUES ('202107080007000128', '已退房', '812784199205255613', '000096', '2017-12-10', '2017-12-13', 341, 'lqq', NULL, '2017-12-10');
INSERT INTO `orders` VALUES ('202107080007000129', '已退房', '35581319920803798X', '000071', '2017-12-16', '2017-12-18', 267, 'lx', NULL, '2017-12-16');
INSERT INTO `orders` VALUES ('202107080007000130', '已退房', '352593198001107715', '000024', '2017-12-10', '2017-12-12', 576, 'lx', NULL, '2017-12-10');
INSERT INTO `orders` VALUES ('202107080007000131', '已退房', '726598199504135717', '000036', '2017-12-15', '2017-12-16', 389, 'lx', NULL, '2017-12-15');
INSERT INTO `orders` VALUES ('202107080007000132', '已退房', '445135198509060806', '000100', '2017-12-16', '2017-12-17', 316, 'chiron', NULL, '2017-12-16');
INSERT INTO `orders` VALUES ('202107080007000133', '已退房', '488365199707048561', '000068', '2017-12-07', '2017-12-10', 337, 'chiron', NULL, '2017-12-07');
INSERT INTO `orders` VALUES ('202107080007000134', '已退房', '923416199202062318', '000079', '2017-12-10', '2017-12-11', 222, 'lx', NULL, '2017-12-10');
INSERT INTO `orders` VALUES ('202107080007000135', '已退房', '412142198907045113', '000097', '2017-12-10', '2017-12-13', 512, 'lx', NULL, '2017-12-10');
INSERT INTO `orders` VALUES ('202107080007000136', '已退房', '78671919980308512X', '000041', '2017-12-15', '2017-12-16', 466, 'lx', NULL, '2017-12-15');
INSERT INTO `orders` VALUES ('202107080007000137', '已退房', '439137199301230609', '000013', '2017-12-15', '2017-12-18', 489, 'lqq', NULL, '2017-12-15');
INSERT INTO `orders` VALUES ('202107080007000138', '已退房', '443895199603232173', '000008', '2017-12-15', '2017-12-18', 455, 'lx', NULL, '2017-12-15');
INSERT INTO `orders` VALUES ('202107080007000139', '已退房', '743936198702092657', '000023', '2017-12-13', '2017-12-16', 560, 'lx', NULL, '2017-12-13');
INSERT INTO `orders` VALUES ('202107080007000140', '已退房', '79677719910722243X', '000021', '2017-12-14', '2017-12-16', 282, 'lx', NULL, '2017-12-14');
INSERT INTO `orders` VALUES ('202107080007000141', '已退房', '664442198308048237', '000004', '2017-12-12', '2017-12-15', 472, 'chiron', NULL, '2017-12-12');
INSERT INTO `orders` VALUES ('202107080007000142', '已退房', '155975199304221565', '000002', '2017-12-16', '2017-12-18', 118, 'lx', NULL, '2017-12-16');
INSERT INTO `orders` VALUES ('202107080007000143', '已退房', '176546198301053064', '000056', '2017-12-08', '2017-12-10', 124, 'chiron', NULL, '2017-12-08');
INSERT INTO `orders` VALUES ('202107080007000144', '已退房', '693213199303183276', '000016', '2017-12-09', '2017-12-10', 447, 'lx', NULL, '2017-12-09');
INSERT INTO `orders` VALUES ('202107080007000145', '已退房', '235571198001235538', '000022', '2017-12-12', '2017-12-14', 463, 'lx', NULL, '2017-12-12');
INSERT INTO `orders` VALUES ('202107080007000146', '已退房', '851391198403172011', '000096', '2017-12-14', '2017-12-17', 289, 'chiron', NULL, '2017-12-14');
INSERT INTO `orders` VALUES ('202107080007000147', '已退房', '894834199904031297', '000012', '2017-12-15', '2017-12-16', 406, 'lqq', NULL, '2017-12-15');
INSERT INTO `orders` VALUES ('202107080007000148', '已退房', '394547199502129803', '000010', '2017-12-15', '2017-12-16', 461, 'lx', NULL, '2017-12-15');
INSERT INTO `orders` VALUES ('202107080007000149', '已退房', '688993199701239258', '000024', '2017-12-11', '2017-12-13', 425, 'lx', NULL, '2017-12-11');
INSERT INTO `orders` VALUES ('202107080007000150', '已退房', '541991199904015537', '000036', '2017-12-18', '2017-12-20', 401, 'chiron', NULL, '2017-12-18');
INSERT INTO `orders` VALUES ('202107080007000151', '已退房', '876613199602111887', '000078', '2017-12-09', '2017-12-12', 445, 'chiron', NULL, '2017-12-09');
INSERT INTO `orders` VALUES ('202107080007000152', '已退房', '522981199903038491', '000018', '2017-12-16', '2017-12-19', 374, 'lqq', NULL, '2017-12-16');
INSERT INTO `orders` VALUES ('202107080007000153', '已退房', '982175199309043065', '000095', '2017-12-08', '2017-12-11', 368, 'chiron', NULL, '2017-12-08');
INSERT INTO `orders` VALUES ('202107080007000154', '已退房', '264935199809278667', '000089', '2017-12-08', '2017-12-10', 458, 'lx', NULL, '2017-12-08');
INSERT INTO `orders` VALUES ('202107080007000155', '已退房', '191435199304184480', '000083', '2017-12-10', '2017-12-13', 138, 'lx', NULL, '2017-12-10');
INSERT INTO `orders` VALUES ('202107080007000156', '已退房', '732211199709249924', '000003', '2017-12-11', '2017-12-13', 230, 'lqq', NULL, '2017-12-11');
INSERT INTO `orders` VALUES ('202107080007000157', '已退房', '251291198804149296', '000071', '2017-12-10', '2017-12-12', 470, 'lqq', NULL, '2017-12-10');
INSERT INTO `orders` VALUES ('202107080007000158', '已退房', '285615199505154123', '000076', '2017-12-14', '2017-12-16', 492, 'lqq', NULL, '2017-12-14');
INSERT INTO `orders` VALUES ('202107080007000159', '已退房', '178252199802224287', '000087', '2017-12-16', '2017-12-19', 163, 'lqq', NULL, '2017-12-16');
INSERT INTO `orders` VALUES ('202107080007000160', '已退房', '553242199905260831', '000019', '2017-12-13', '2017-12-14', 479, 'lx', NULL, '2017-12-13');
INSERT INTO `orders` VALUES ('202107080007000161', '已退房', '286199198003223519', '000003', '2017-12-18', '2017-12-19', 498, 'lx', NULL, '2017-12-18');
INSERT INTO `orders` VALUES ('202107080007000162', '已退房', '228338199704028509', '000029', '2017-12-16', '2017-12-17', 283, 'lx', NULL, '2017-12-16');
INSERT INTO `orders` VALUES ('202107080007000163', '已退房', '262673199108092210', '000026', '2017-12-11', '2017-12-14', 363, 'lqq', NULL, '2017-12-11');
INSERT INTO `orders` VALUES ('202107080007000164', '已退房', '729936198909148963', '000086', '2017-12-10', '2017-12-13', 350, 'lx', NULL, '2017-12-10');
INSERT INTO `orders` VALUES ('202107080007000165', '已退房', '584528198902186219', '000089', '2017-12-16', '2017-12-19', 478, 'lx', NULL, '2017-12-16');
INSERT INTO `orders` VALUES ('202107080007000166', '已退房', '381998199908271911', '000058', '2017-12-18', '2017-12-20', 510, 'lx', NULL, '2017-12-18');
INSERT INTO `orders` VALUES ('202107080007000167', '已退房', '176574198104212965', '000037', '2017-12-18', '2017-12-21', 310, 'lqq', NULL, '2017-12-18');
INSERT INTO `orders` VALUES ('202107080007000168', '已退房', '469348199009270617', '000066', '2017-12-17', '2017-12-19', 480, 'lx', NULL, '2017-12-17');
INSERT INTO `orders` VALUES ('202107080007000169', '已退房', '94897119870121801X', '000006', '2017-12-15', '2017-12-16', 466, 'chiron', NULL, '2017-12-15');
INSERT INTO `orders` VALUES ('202107080007000170', '已退房', '166389198903086215', '000071', '2017-12-15', '2017-12-16', 101, 'lx', NULL, '2017-12-15');
INSERT INTO `orders` VALUES ('202107080007000171', '已退房', '268717199306193709', '000100', '2017-12-10', '2017-12-12', 123, 'lx', NULL, '2017-12-10');
INSERT INTO `orders` VALUES ('202107080007000172', '已退房', '623194199509126138', '000056', '2017-12-12', '2017-12-14', 478, 'lx', NULL, '2017-12-12');
INSERT INTO `orders` VALUES ('202107080007000173', '已退房', '478184198403173824', '000042', '2017-12-11', '2017-12-12', 151, 'lqq', NULL, '2017-12-11');
INSERT INTO `orders` VALUES ('202107080007000174', '已退房', '539582198002049052', '000037', '2017-12-18', '2017-12-20', 480, 'lx', NULL, '2017-12-18');
INSERT INTO `orders` VALUES ('202107080007000175', '已退房', '51756919820911613X', '000075', '2017-12-19', '2017-12-21', 120, 'lx', NULL, '2017-12-19');
INSERT INTO `orders` VALUES ('202107080007000176', '已退房', '775421199202238410', '000074', '2017-12-18', '2017-12-21', 293, 'lx', NULL, '2017-12-18');
INSERT INTO `orders` VALUES ('202107080007000177', '已退房', '664822198803163116', '000023', '2017-12-17', '2017-12-20', 354, 'chiron', NULL, '2017-12-17');
INSERT INTO `orders` VALUES ('202107080007000178', '已退房', '935347199009225595', '000003', '2017-12-16', '2017-12-18', 116, 'lqq', NULL, '2017-12-16');
INSERT INTO `orders` VALUES ('202107080007000179', '已退房', '227284198705204655', '000090', '2017-12-11', '2017-12-13', 314, 'lx', NULL, '2017-12-11');
INSERT INTO `orders` VALUES ('202107080007000180', '已退房', '117795199607112808', '000019', '2017-12-09', '2017-12-10', 204, 'lqq', NULL, '2017-12-09');
INSERT INTO `orders` VALUES ('202107080007000181', '已退房', '742298199105021919', '000061', '2017-12-18', '2017-12-20', 351, 'lqq', NULL, '2017-12-18');
INSERT INTO `orders` VALUES ('202107080007000182', '已退房', '729164199206201656', '000014', '2017-12-12', '2017-12-13', 223, 'lx', NULL, '2017-12-12');
INSERT INTO `orders` VALUES ('202107080007000183', '已退房', '231261199603019527', '000014', '2017-12-10', '2017-12-13', 388, 'lx', NULL, '2017-12-10');
INSERT INTO `orders` VALUES ('202107080007000184', '已退房', '71451519870208339X', '000023', '2017-12-18', '2017-12-19', 266, 'lqq', NULL, '2017-12-18');
INSERT INTO `orders` VALUES ('202107080007000185', '已退房', '622429199701208043', '000070', '2017-12-18', '2017-12-20', 436, 'lqq', NULL, '2017-12-18');
INSERT INTO `orders` VALUES ('202107080007000186', '已退房', '884635198402168655', '000079', '2017-12-18', '2017-12-21', 112, 'lx', NULL, '2017-12-18');
INSERT INTO `orders` VALUES ('202107080007000187', '已退房', '419177198708255210', '000064', '2017-12-15', '2017-12-17', 328, 'lx', NULL, '2017-12-15');
INSERT INTO `orders` VALUES ('202107080007000188', '已退房', '313836199704242064', '000009', '2017-12-18', '2017-12-19', 302, 'lx', NULL, '2017-12-18');
INSERT INTO `orders` VALUES ('202107080007000189', '已退房', '166178199803082377', '000025', '2017-12-10', '2017-12-13', 211, 'lx', NULL, '2017-12-10');
INSERT INTO `orders` VALUES ('202107080007000190', '已退房', '969368198509014352', '000025', '2017-12-17', '2017-12-19', 286, 'lx', NULL, '2017-12-17');
INSERT INTO `orders` VALUES ('202107080007000191', '已退房', '546158198509146502', '000061', '2017-12-13', '2017-12-14', 516, 'chiron', NULL, '2017-12-13');
INSERT INTO `orders` VALUES ('202107080007000192', '已退房', '496294198802060747', '000001', '2017-12-14', '2017-12-15', 527, 'lx', NULL, '2017-12-14');
INSERT INTO `orders` VALUES ('202107080007000193', '已退房', '813785199209081750', '000022', '2017-12-10', '2017-12-11', 519, 'chiron', NULL, '2017-12-10');
INSERT INTO `orders` VALUES ('202107080007000194', '已退房', '31543619850512583X', '000036', '2017-12-14', '2017-12-17', 302, 'lx', NULL, '2017-12-14');
INSERT INTO `orders` VALUES ('202107080007000195', '已退房', '213941198108085937', '000018', '2017-12-15', '2017-12-16', 362, 'chiron', NULL, '2017-12-15');
INSERT INTO `orders` VALUES ('202107080007000196', '已退房', '592936199101212161', '000065', '2017-12-10', '2017-12-11', 372, 'lx', NULL, '2017-12-10');
INSERT INTO `orders` VALUES ('202107080007000197', '已退房', '722357198906182579', '000080', '2017-12-13', '2017-12-16', 441, 'lqq', NULL, '2017-12-13');
INSERT INTO `orders` VALUES ('202107080007000198', '已退房', '92739419980608200X', '000033', '2017-12-19', '2017-12-21', 390, 'lx', NULL, '2017-12-19');
INSERT INTO `orders` VALUES ('202107080007000199', '已退房', '756926199103184273', '000015', '2017-12-14', '2017-12-16', 291, 'lx', NULL, '2017-12-14');
INSERT INTO `orders` VALUES ('202107080007000200', '已退房', '255716198902083877', '000087', '2017-12-12', '2017-12-15', 498, 'chiron', NULL, '2017-12-12');
INSERT INTO `orders` VALUES ('202107080007000201', '已退房', '666768199905042200', '000002', '2017-12-16', '2017-12-18', 581, 'lqq', NULL, '2017-12-16');
INSERT INTO `orders` VALUES ('202107080007000202', '已退房', '314871199603220165', '000098', '2017-12-19', '2017-12-20', 451, 'lx', NULL, '2017-12-19');
INSERT INTO `orders` VALUES ('202107080007000203', '已退房', '124892199708201194', '000081', '2017-12-13', '2017-12-14', 331, 'lx', NULL, '2017-12-13');
INSERT INTO `orders` VALUES ('202107080007000204', '已退房', '848373198407269277', '000076', '2017-12-20', '2017-12-22', 400, 'lqq', NULL, '2017-12-20');
INSERT INTO `orders` VALUES ('202107080007000205', '已退房', '477988198208259700', '000025', '2017-12-12', '2017-12-14', 189, 'lx', NULL, '2017-12-12');
INSERT INTO `orders` VALUES ('202107080007000206', '已退房', '883522199009089447', '000044', '2017-12-18', '2017-12-21', 154, 'lx', NULL, '2017-12-18');
INSERT INTO `orders` VALUES ('202107080007000207', '已退房', '236125199507023044', '000077', '2017-12-19', '2017-12-20', 411, 'lx', NULL, '2017-12-19');
INSERT INTO `orders` VALUES ('202107080007000208', '已退房', '128732199803182333', '000044', '2017-12-13', '2017-12-15', 240, 'lqq', NULL, '2017-12-13');
INSERT INTO `orders` VALUES ('202107080007000209', '已退房', '514924198903039652', '000077', '2017-12-14', '2017-12-17', 452, 'chiron', NULL, '2017-12-14');
INSERT INTO `orders` VALUES ('202107080007000210', '已退房', '439729199302041394', '000055', '2017-12-14', '2017-12-16', 196, 'lx', NULL, '2017-12-14');
INSERT INTO `orders` VALUES ('202107080007000211', '已退房', '66268119850423767X', '000058', '2017-12-20', '2017-12-23', 454, 'lqq', NULL, '2017-12-20');
INSERT INTO `orders` VALUES ('202107080007000212', '已退房', '111639199807100500', '000072', '2017-12-15', '2017-12-18', 297, 'lqq', NULL, '2017-12-15');
INSERT INTO `orders` VALUES ('202107080007000213', '已退房', '615283199505101546', '000089', '2017-12-14', '2017-12-17', 246, 'lx', NULL, '2017-12-14');
INSERT INTO `orders` VALUES ('202107080007000214', '已退房', '887212199201021084', '000087', '2017-12-11', '2017-12-14', 581, 'lx', NULL, '2017-12-11');
INSERT INTO `orders` VALUES ('202107080007000215', '已退房', '543369198102053643', '000055', '2017-12-14', '2017-12-16', 194, 'chiron', NULL, '2017-12-14');
INSERT INTO `orders` VALUES ('202107080007000216', '已退房', '637448199905078506', '000052', '2017-12-18', '2017-12-20', 564, 'lx', NULL, '2017-12-18');
INSERT INTO `orders` VALUES ('202107080007000217', '已退房', '315391198902211909', '000063', '2017-12-14', '2017-12-17', 375, 'lx', NULL, '2017-12-14');
INSERT INTO `orders` VALUES ('202107080007000218', '已退房', '112139198205118446', '000040', '2017-12-19', '2017-12-20', 582, 'lx', NULL, '2017-12-19');
INSERT INTO `orders` VALUES ('202107080007000219', '已退房', '47318919800208342X', '000003', '2017-12-20', '2017-12-23', 491, 'chiron', NULL, '2017-12-20');
INSERT INTO `orders` VALUES ('202107080007000220', '已退房', '353169199508243285', '000077', '2017-12-16', '2017-12-17', 314, 'chiron', NULL, '2017-12-16');
INSERT INTO `orders` VALUES ('202107080007000221', '已退房', '396563199805145239', '000011', '2017-12-14', '2017-12-16', 223, 'lx', NULL, '2017-12-14');
INSERT INTO `orders` VALUES ('202107080007000222', '已退房', '134491198609263145', '000099', '2017-12-15', '2017-12-17', 373, 'lx', NULL, '2017-12-15');
INSERT INTO `orders` VALUES ('202107080007000223', '已退房', '874454199109052259', '000098', '2017-12-17', '2017-12-19', 150, 'lqq', NULL, '2017-12-17');
INSERT INTO `orders` VALUES ('202107080007000224', '已退房', '638736199405265251', '000068', '2017-12-18', '2017-12-20', 265, 'lqq', NULL, '2017-12-18');
INSERT INTO `orders` VALUES ('202107080007000225', '已退房', '613697199602141441', '000021', '2017-12-20', '2017-12-23', 245, 'lx', NULL, '2017-12-20');
INSERT INTO `orders` VALUES ('202107080007000226', '已退房', '655455199105130367', '000025', '2017-12-16', '2017-12-18', 399, 'lx', NULL, '2017-12-16');
INSERT INTO `orders` VALUES ('202107080007000227', '已退房', '956292199805179682', '000090', '2017-12-17', '2017-12-18', 434, 'lx', NULL, '2017-12-17');
INSERT INTO `orders` VALUES ('202107080007000228', '已退房', '479592198702275890', '000027', '2017-12-19', '2017-12-22', 569, 'chiron', NULL, '2017-12-19');
INSERT INTO `orders` VALUES ('202107080007000229', '已退房', '39883619800421119X', '000092', '2017-12-18', '2017-12-21', 300, 'chiron', NULL, '2017-12-18');
INSERT INTO `orders` VALUES ('202107080007000230', '已退房', '866535198508142886', '000018', '2017-12-18', '2017-12-20', 398, 'chiron', NULL, '2017-12-18');
INSERT INTO `orders` VALUES ('202107080007000231', '已退房', '656417199707270239', '000070', '2017-12-18', '2017-12-19', 322, 'lqq', NULL, '2017-12-18');
INSERT INTO `orders` VALUES ('202107080007000232', '已退房', '635664199408227602', '000016', '2017-12-16', '2017-12-17', 439, 'lx', NULL, '2017-12-16');
INSERT INTO `orders` VALUES ('202107080007000233', '已退房', '966262198407153507', '000091', '2017-12-17', '2017-12-19', 479, 'lx', NULL, '2017-12-17');
INSERT INTO `orders` VALUES ('202107080007000234', '已退房', '469151198806017844', '000078', '2017-12-12', '2017-12-15', 340, 'chiron', NULL, '2017-12-12');
INSERT INTO `orders` VALUES ('202107080007000235', '已退房', '892594199006148491', '000087', '2017-12-17', '2017-12-19', 510, 'lx', NULL, '2017-12-17');
INSERT INTO `orders` VALUES ('202107080007000236', '已退房', '296525198803265679', '000081', '2017-12-16', '2017-12-19', 284, 'lqq', NULL, '2017-12-16');
INSERT INTO `orders` VALUES ('202107080007000237', '已退房', '873685198607169855', '000012', '2017-12-14', '2017-12-15', 585, 'lx', NULL, '2017-12-14');
INSERT INTO `orders` VALUES ('202107080007000238', '已退房', '442297198105071834', '000021', '2017-12-12', '2017-12-14', 414, 'chiron', NULL, '2017-12-12');
INSERT INTO `orders` VALUES ('202107080007000239', '已退房', '77489319920307027X', '000043', '2017-12-19', '2017-12-22', 233, 'chiron', NULL, '2017-12-19');
INSERT INTO `orders` VALUES ('202107080007000240', '已退房', '262628198407019156', '000033', '2017-12-16', '2017-12-19', 205, 'chiron', NULL, '2017-12-16');
INSERT INTO `orders` VALUES ('202107080007000241', '已退房', '539625199604251824', '000020', '2017-12-14', '2017-12-16', 578, 'lqq', NULL, '2017-12-14');
INSERT INTO `orders` VALUES ('202107080007000242', '已退房', '588983198005022492', '000060', '2017-12-14', '2017-12-16', 251, 'chiron', NULL, '2017-12-14');
INSERT INTO `orders` VALUES ('202107080007000243', '已退房', '798524199804106520', '000055', '2017-12-19', '2017-12-22', 207, 'lx', NULL, '2017-12-19');
INSERT INTO `orders` VALUES ('202107080007000244', '已退房', '121268198003217348', '000082', '2017-12-13', '2017-12-14', 268, 'lx', NULL, '2017-12-13');
INSERT INTO `orders` VALUES ('202107080007000245', '已退房', '598396199001219170', '000003', '2017-12-20', '2017-12-22', 562, 'lqq', NULL, '2017-12-20');
INSERT INTO `orders` VALUES ('202107080007000246', '已退房', '853535198808268582', '000038', '2017-12-16', '2017-12-17', 187, 'lqq', NULL, '2017-12-16');
INSERT INTO `orders` VALUES ('202107080007000247', '已退房', '289195199004167848', '000052', '2017-12-14', '2017-12-15', 335, 'lqq', NULL, '2017-12-14');
INSERT INTO `orders` VALUES ('202107080007000248', '已退房', '653992199507158028', '000046', '2017-12-17', '2017-12-18', 363, 'lx', NULL, '2017-12-17');
INSERT INTO `orders` VALUES ('202107080007000249', '已退房', '488816198207021018', '000075', '2017-12-18', '2017-12-21', 325, 'lx', NULL, '2017-12-18');
INSERT INTO `orders` VALUES ('202107080007000250', '已退房', '695154198809276831', '000065', '2017-12-16', '2017-12-19', 335, 'chiron', NULL, '2017-12-16');
INSERT INTO `orders` VALUES ('202107080007000251', '已退房', '184484199208228322', '000060', '2017-12-18', '2017-12-21', 179, 'lx', NULL, '2017-12-18');
INSERT INTO `orders` VALUES ('202107080007000252', '已退房', '424536198801078169', '000089', '2017-12-22', '2017-12-25', 332, 'lx', NULL, '2017-12-22');
INSERT INTO `orders` VALUES ('202107080007000253', '已退房', '782563199505100978', '000037', '2017-12-18', '2017-12-19', 579, 'lx', NULL, '2017-12-18');
INSERT INTO `orders` VALUES ('202107080007000254', '已退房', '925126199606135964', '000044', '2017-12-17', '2017-12-20', 129, 'chiron', NULL, '2017-12-17');
INSERT INTO `orders` VALUES ('202107080007000255', '已退房', '444672198803208750', '000067', '2017-12-17', '2017-12-19', 164, 'chiron', NULL, '2017-12-17');
INSERT INTO `orders` VALUES ('202107080007000256', '已退房', '388887199302070930', '000019', '2017-12-18', '2017-12-21', 583, 'lx', NULL, '2017-12-18');
INSERT INTO `orders` VALUES ('202107080007000257', '已退房', '185558198404156732', '000016', '2017-12-13', '2017-12-16', 380, 'lqq', NULL, '2017-12-13');
INSERT INTO `orders` VALUES ('202107080007000258', '已退房', '527874198806213930', '000094', '2017-12-19', '2017-12-20', 393, 'lqq', NULL, '2017-12-19');
INSERT INTO `orders` VALUES ('202107080007000259', '已退房', '124468198704091171', '000011', '2017-12-13', '2017-12-16', 357, 'lqq', NULL, '2017-12-13');
INSERT INTO `orders` VALUES ('202107080007000260', '已退房', '959977199104056337', '000044', '2017-12-20', '2017-12-22', 429, 'lx', NULL, '2017-12-20');
INSERT INTO `orders` VALUES ('202107080007000261', '已退房', '737997198605195376', '000045', '2017-12-21', '2017-12-22', 522, 'lx', NULL, '2017-12-21');
INSERT INTO `orders` VALUES ('202107080007000262', '已退房', '93636519860122593X', '000071', '2017-12-17', '2017-12-20', 473, 'lx', NULL, '2017-12-17');
INSERT INTO `orders` VALUES ('202107080007000263', '已退房', '367849198906087023', '000083', '2017-12-14', '2017-12-16', 343, 'lx', NULL, '2017-12-14');
INSERT INTO `orders` VALUES ('202107080007000264', '已退房', '358115199704172715', '000072', '2017-12-21', '2017-12-23', 491, 'lx', NULL, '2017-12-21');
INSERT INTO `orders` VALUES ('202107080007000265', '已退房', '823366199504088614', '000004', '2017-12-18', '2017-12-19', 598, 'lqq', NULL, '2017-12-18');
INSERT INTO `orders` VALUES ('202107080007000266', '已退房', '783826199008223470', '000056', '2017-12-18', '2017-12-20', 592, 'chiron', NULL, '2017-12-18');
INSERT INTO `orders` VALUES ('202107080007000267', '已退房', '688484198403195623', '000083', '2017-12-16', '2017-12-18', 552, 'lx', NULL, '2017-12-16');
INSERT INTO `orders` VALUES ('202107080007000268', '已退房', '116547199202222774', '000089', '2017-12-19', '2017-12-21', 103, 'lqq', NULL, '2017-12-19');
INSERT INTO `orders` VALUES ('202107080007000269', '已退房', '387628198607173037', '000052', '2017-12-14', '2017-12-17', 174, 'lx', NULL, '2017-12-14');
INSERT INTO `orders` VALUES ('202107080007000270', '已退房', '124683198704107609', '000005', '2017-12-19', '2017-12-21', 514, 'chiron', NULL, '2017-12-19');
INSERT INTO `orders` VALUES ('202107080007000271', '已退房', '215868198408142952', '000052', '2017-12-17', '2017-12-19', 180, 'lx', NULL, '2017-12-17');
INSERT INTO `orders` VALUES ('202107080007000272', '已退房', '566896199003268056', '000067', '2017-12-15', '2017-12-16', 245, 'chiron', NULL, '2017-12-15');
INSERT INTO `orders` VALUES ('202107080007000273', '已退房', '414927199307255850', '000061', '2017-12-18', '2017-12-19', 153, 'lx', NULL, '2017-12-18');
INSERT INTO `orders` VALUES ('202107080007000274', '已退房', '619221198105177541', '000096', '2017-12-18', '2017-12-21', 503, 'chiron', NULL, '2017-12-18');
INSERT INTO `orders` VALUES ('202107080007000275', '已退房', '252951199203253592', '000096', '2017-12-21', '2017-12-23', 211, 'chiron', NULL, '2017-12-21');
INSERT INTO `orders` VALUES ('202107080007000276', '已退房', '576338198703186779', '000051', '2017-12-17', '2017-12-20', 582, 'lqq', NULL, '2017-12-17');
INSERT INTO `orders` VALUES ('202107080007000277', '已退房', '965868198601218191', '000028', '2017-12-22', '2017-12-25', 285, 'lqq', NULL, '2017-12-22');
INSERT INTO `orders` VALUES ('202107080007000278', '已退房', '325424199207212442', '000085', '2017-12-18', '2017-12-19', 496, 'lx', NULL, '2017-12-18');
INSERT INTO `orders` VALUES ('202107080007000279', '已退房', '255339199204234188', '000036', '2017-12-22', '2017-12-25', 396, 'chiron', NULL, '2017-12-22');
INSERT INTO `orders` VALUES ('202107080007000280', '已退房', '835291199203062271', '000094', '2017-12-22', '2017-12-25', 193, 'lqq', NULL, '2017-12-22');
INSERT INTO `orders` VALUES ('202107080007000281', '已退房', '488546199207275807', '000034', '2017-12-17', '2017-12-19', 396, 'lx', NULL, '2017-12-17');
INSERT INTO `orders` VALUES ('202107080007000282', '已退房', '789922199101016666', '000012', '2017-12-16', '2017-12-19', 386, 'lqq', NULL, '2017-12-16');
INSERT INTO `orders` VALUES ('202107080007000283', '已退房', '862887198505231030', '000025', '2017-12-16', '2017-12-18', 171, 'lx', NULL, '2017-12-16');
INSERT INTO `orders` VALUES ('202107080007000284', '已退房', '369458198209250274', '000091', '2017-12-16', '2017-12-17', 479, 'lqq', NULL, '2017-12-16');
INSERT INTO `orders` VALUES ('202107080007000285', '已退房', '162841199109121323', '000027', '2017-12-15', '2017-12-17', 306, 'lqq', NULL, '2017-12-15');
INSERT INTO `orders` VALUES ('202107080007000286', '已退房', '488628198302028183', '000088', '2017-12-22', '2017-12-25', 189, 'lx', NULL, '2017-12-22');
INSERT INTO `orders` VALUES ('202107080007000287', '已退房', '354341199007071230', '000041', '2017-12-21', '2017-12-22', 464, 'lqq', NULL, '2017-12-21');
INSERT INTO `orders` VALUES ('202107080007000288', '已退房', '361578198907115807', '000064', '2017-12-22', '2017-12-24', 415, 'lx', NULL, '2017-12-22');
INSERT INTO `orders` VALUES ('202107080007000289', '已退房', '713414199009144379', '000032', '2017-12-20', '2017-12-21', 491, 'lqq', NULL, '2017-12-20');
INSERT INTO `orders` VALUES ('202107080007000290', '已退房', '547784199108025671', '000074', '2017-12-16', '2017-12-19', 303, 'chiron', NULL, '2017-12-16');
INSERT INTO `orders` VALUES ('202107080007000291', '已退房', '881961198905132052', '000019', '2017-12-21', '2017-12-22', 395, 'chiron', NULL, '2017-12-21');
INSERT INTO `orders` VALUES ('202107080007000292', '已退房', '833897198704090873', '000001', '2017-12-17', '2017-12-20', 384, 'chiron', NULL, '2017-12-17');
INSERT INTO `orders` VALUES ('202107080007000293', '已退房', '18132419910314817X', '000002', '2017-12-15', '2017-12-16', 536, 'lx', NULL, '2017-12-15');
INSERT INTO `orders` VALUES ('202107080007000294', '已退房', '83992719870227999X', '000072', '2017-12-16', '2017-12-19', 338, 'chiron', NULL, '2017-12-16');
INSERT INTO `orders` VALUES ('202107080007000295', '已退房', '575913198503166700', '000050', '2017-12-22', '2017-12-25', 361, 'lqq', NULL, '2017-12-22');
INSERT INTO `orders` VALUES ('202107080007000296', '已退房', '85124519980806575X', '000003', '2017-12-15', '2017-12-17', 438, 'lx', NULL, '2017-12-15');
INSERT INTO `orders` VALUES ('202107080007000297', '已退房', '569439199309223890', '000092', '2017-12-21', '2017-12-24', 343, 'chiron', NULL, '2017-12-21');
INSERT INTO `orders` VALUES ('202107080007000298', '已退房', '786875199609222158', '000039', '2017-12-22', '2017-12-24', 382, 'lx', NULL, '2017-12-22');
INSERT INTO `orders` VALUES ('202107080007000299', '已退房', '566352199008208163', '000059', '2017-12-17', '2017-12-19', 117, 'lqq', NULL, '2017-12-17');
INSERT INTO `orders` VALUES ('202107080007000300', '已退房', '223476199403108416', '000004', '2017-12-19', '2017-12-22', 451, 'lx', NULL, '2017-12-19');
INSERT INTO `orders` VALUES ('202107080007000301', '已退房', '162933198302018943', '000002', '2017-12-19', '2017-12-20', 342, 'lqq', NULL, '2017-12-19');
INSERT INTO `orders` VALUES ('202107080007000302', '已退房', '873248198903169960', '000049', '2017-12-20', '2017-12-21', 205, 'lx', NULL, '2017-12-20');
INSERT INTO `orders` VALUES ('202107080007000303', '已退房', '629231199703030696', '000006', '2017-12-16', '2017-12-19', 280, 'lx', NULL, '2017-12-16');
INSERT INTO `orders` VALUES ('202107080007000304', '已退房', '377395198106044140', '000079', '2017-12-16', '2017-12-19', 152, 'chiron', NULL, '2017-12-16');
INSERT INTO `orders` VALUES ('202107080007000305', '已退房', '722227198108102040', '000029', '2017-12-19', '2017-12-20', 457, 'lx', NULL, '2017-12-19');
INSERT INTO `orders` VALUES ('202107080007000306', '已退房', '323911198207120096', '000058', '2017-12-23', '2017-12-24', 344, 'chiron', NULL, '2017-12-23');
INSERT INTO `orders` VALUES ('202107080007000307', '已退房', '32651919880315995X', '000043', '2017-12-21', '2017-12-22', 329, 'lx', NULL, '2017-12-21');
INSERT INTO `orders` VALUES ('202107080007000308', '已退房', '692534198203105484', '000056', '2017-12-21', '2017-12-24', 386, 'lx', NULL, '2017-12-21');
INSERT INTO `orders` VALUES ('202107080007000309', '已退房', '792498199008048933', '000055', '2017-12-22', '2017-12-25', 544, 'chiron', NULL, '2017-12-22');
INSERT INTO `orders` VALUES ('202107080007000310', '已退房', '491795199606255321', '000083', '2017-12-17', '2017-12-19', 135, 'lx', NULL, '2017-12-17');
INSERT INTO `orders` VALUES ('202107080007000311', '已退房', '121393198005222994', '000080', '2017-12-17', '2017-12-19', 262, 'lx', NULL, '2017-12-17');
INSERT INTO `orders` VALUES ('202107080007000312', '已退房', '554875198809144933', '000009', '2017-12-22', '2017-12-25', 166, 'lx', NULL, '2017-12-22');
INSERT INTO `orders` VALUES ('202107080007000313', '已退房', '522468199407115162', '000099', '2017-12-18', '2017-12-19', 369, 'chiron', NULL, '2017-12-18');
INSERT INTO `orders` VALUES ('202107080007000314', '已退房', '77853319800810088X', '000096', '2017-12-20', '2017-12-23', 465, 'lx', NULL, '2017-12-20');
INSERT INTO `orders` VALUES ('202107080007000315', '已退房', '668882198007065195', '000037', '2017-12-18', '2017-12-19', 284, 'lx', NULL, '2017-12-18');
INSERT INTO `orders` VALUES ('202107080007000316', '已退房', '71912219830906456X', '000017', '2017-12-16', '2017-12-19', 466, 'chiron', NULL, '2017-12-16');
INSERT INTO `orders` VALUES ('202107080007000317', '已退房', '85577819910525558X', '000036', '2017-12-18', '2017-12-19', 383, 'lx', NULL, '2017-12-18');
INSERT INTO `orders` VALUES ('202107080007000318', '已退房', '835722198208260189', '000002', '2017-12-16', '2017-12-19', 129, 'lqq', NULL, '2017-12-16');
INSERT INTO `orders` VALUES ('202107080007000319', '已退房', '723195198203227644', '000062', '2017-12-23', '2017-12-25', 568, 'chiron', NULL, '2017-12-23');
INSERT INTO `orders` VALUES ('202107080007000320', '已退房', '571342199706256052', '000073', '2017-12-16', '2017-12-17', 257, 'lqq', NULL, '2017-12-16');
INSERT INTO `orders` VALUES ('202107080007000321', '已退房', '427227199601078054', '000019', '2017-12-16', '2017-12-19', 339, 'lx', NULL, '2017-12-16');
INSERT INTO `orders` VALUES ('202107080007000322', '已退房', '96172619870711761X', '000098', '2017-12-19', '2017-12-20', 133, 'lx', NULL, '2017-12-19');
INSERT INTO `orders` VALUES ('202107080007000323', '已退房', '359187198901221107', '000044', '2017-12-23', '2017-12-24', 281, 'lx', NULL, '2017-12-23');
INSERT INTO `orders` VALUES ('202107080007000324', '已退房', '195166198506259644', '000020', '2017-12-22', '2017-12-23', 379, 'chiron', NULL, '2017-12-22');
INSERT INTO `orders` VALUES ('202107080007000325', '已退房', '788767198903238822', '000041', '2017-12-17', '2017-12-19', 248, 'lx', NULL, '2017-12-17');
INSERT INTO `orders` VALUES ('202107080007000326', '已退房', '747275198409271402', '000067', '2017-12-23', '2017-12-25', 408, 'lx', NULL, '2017-12-23');
INSERT INTO `orders` VALUES ('202107080007000327', '已退房', '231122198705179666', '000002', '2017-12-21', '2017-12-23', 336, 'lx', NULL, '2017-12-21');
INSERT INTO `orders` VALUES ('202107080007000328', '已退房', '347589199104136159', '000020', '2017-12-21', '2017-12-24', 582, 'lx', NULL, '2017-12-21');
INSERT INTO `orders` VALUES ('202107080007000329', '已退房', '67539519970311522X', '000002', '2017-12-22', '2017-12-23', 165, 'lqq', NULL, '2017-12-22');
INSERT INTO `orders` VALUES ('202107080007000330', '已退房', '734468199201062297', '000066', '2017-12-21', '2017-12-23', 128, 'lqq', NULL, '2017-12-21');
INSERT INTO `orders` VALUES ('202107080007000331', '已退房', '373942199006146693', '000057', '2017-12-18', '2017-12-21', 126, 'lqq', NULL, '2017-12-18');
INSERT INTO `orders` VALUES ('202107080007000332', '已退房', '339757199602222404', '000020', '2017-12-22', '2017-12-23', 447, 'chiron', NULL, '2017-12-22');
INSERT INTO `orders` VALUES ('202107080007000333', '已退房', '795482199108245856', '000018', '2017-12-20', '2017-12-22', 197, 'chiron', NULL, '2017-12-20');
INSERT INTO `orders` VALUES ('202107080007000334', '已退房', '793139198407024920', '000025', '2017-12-24', '2017-12-27', 573, 'lx', NULL, '2017-12-24');
INSERT INTO `orders` VALUES ('202107080007000335', '已退房', '692926198404118347', '000068', '2017-12-22', '2017-12-25', 525, 'lx', NULL, '2017-12-22');
INSERT INTO `orders` VALUES ('202107080007000336', '已退房', '892279199105147910', '000060', '2017-12-22', '2017-12-25', 402, 'chiron', NULL, '2017-12-22');
INSERT INTO `orders` VALUES ('202107080007000337', '已退房', '916843198004252871', '000017', '2017-12-23', '2017-12-25', 295, 'lx', NULL, '2017-12-23');
INSERT INTO `orders` VALUES ('202107080007000338', '已退房', '225531199108024855', '000100', '2017-12-21', '2017-12-22', 315, 'chiron', NULL, '2017-12-21');
INSERT INTO `orders` VALUES ('202107080007000339', '已退房', '854881199803029275', '000025', '2017-12-25', '2017-12-28', 416, 'lx', NULL, '2017-12-25');
INSERT INTO `orders` VALUES ('202107080007000340', '已退房', '39144119920714131X', '000067', '2017-12-20', '2017-12-21', 195, 'lx', NULL, '2017-12-20');
INSERT INTO `orders` VALUES ('202107080007000341', '已退房', '278411198701016713', '000027', '2017-12-20', '2017-12-23', 341, 'chiron', NULL, '2017-12-20');
INSERT INTO `orders` VALUES ('202107080007000342', '已退房', '586268198904249662', '000043', '2017-12-23', '2017-12-24', 147, 'lx', NULL, '2017-12-23');
INSERT INTO `orders` VALUES ('202107080007000343', '已退房', '649799198103091106', '000079', '2017-12-18', '2017-12-21', 308, 'lx', NULL, '2017-12-18');
INSERT INTO `orders` VALUES ('202107080007000344', '已退房', '48962619980426842X', '000019', '2017-12-23', '2017-12-26', 559, 'chiron', NULL, '2017-12-23');
INSERT INTO `orders` VALUES ('202107080007000345', '已退房', '718112198903017965', '000034', '2017-12-19', '2017-12-22', 312, 'lx', NULL, '2017-12-19');
INSERT INTO `orders` VALUES ('202107080007000346', '已退房', '116593199409193331', '000070', '2017-12-21', '2017-12-24', 207, 'lx', NULL, '2017-12-21');
INSERT INTO `orders` VALUES ('202107080007000347', '已退房', '771825199505054188', '000096', '2017-12-18', '2017-12-21', 590, 'lqq', NULL, '2017-12-18');
INSERT INTO `orders` VALUES ('202107080007000348', '已退房', '548297198402021971', '000052', '2017-12-20', '2017-12-23', 233, 'lqq', NULL, '2017-12-20');
INSERT INTO `orders` VALUES ('202107080007000349', '已退房', '381736199403277883', '000014', '2017-12-22', '2017-12-23', 189, 'chiron', NULL, '2017-12-22');
INSERT INTO `orders` VALUES ('202107080007000350', '已退房', '175254199006177838', '000081', '2017-12-19', '2017-12-21', 378, 'lqq', NULL, '2017-12-19');
INSERT INTO `orders` VALUES ('202107080007000351', '已退房', '388279199309110496', '000065', '2017-12-21', '2017-12-22', 189, 'lx', NULL, '2017-12-21');
INSERT INTO `orders` VALUES ('202107080007000352', '已退房', '967213199501194207', '000003', '2017-12-19', '2017-12-22', 384, 'lqq', NULL, '2017-12-19');
INSERT INTO `orders` VALUES ('202107080007000353', '已退房', '237467199503039699', '000085', '2017-12-21', '2017-12-22', 190, 'lx', NULL, '2017-12-21');
INSERT INTO `orders` VALUES ('202107080007000354', '已退房', '926682198502257814', '000002', '2017-12-20', '2017-12-23', 413, 'lx', NULL, '2017-12-20');
INSERT INTO `orders` VALUES ('202107080007000355', '已退房', '425653198107230143', '000064', '2017-12-25', '2017-12-27', 385, 'lx', NULL, '2017-12-25');
INSERT INTO `orders` VALUES ('202107080007000356', '已退房', '511247199006207554', '000030', '2017-12-25', '2017-12-27', 263, 'lqq', NULL, '2017-12-25');
INSERT INTO `orders` VALUES ('202107080007000357', '已退房', '835743198101168528', '000048', '2017-12-22', '2017-12-23', 297, 'chiron', NULL, '2017-12-22');
INSERT INTO `orders` VALUES ('202107080007000358', '已退房', '571123198504063362', '000012', '2017-12-22', '2017-12-24', 253, 'chiron', NULL, '2017-12-22');
INSERT INTO `orders` VALUES ('202107080007000359', '已退房', '868253199605083753', '000003', '2017-12-23', '2017-12-25', 239, 'chiron', NULL, '2017-12-23');
INSERT INTO `orders` VALUES ('202107080007000360', '已退房', '391232199902144769', '000049', '2017-12-19', '2017-12-22', 296, 'lx', NULL, '2017-12-19');
INSERT INTO `orders` VALUES ('202107080007000361', '已退房', '757824198104174075', '000024', '2017-12-21', '2017-12-22', 245, 'lx', NULL, '2017-12-21');
INSERT INTO `orders` VALUES ('202107080007000362', '已退房', '693666198504219028', '000021', '2017-12-25', '2017-12-27', 542, 'lqq', NULL, '2017-12-25');
INSERT INTO `orders` VALUES ('202107080007000363', '已退房', '962455198604065542', '000002', '2017-12-22', '2017-12-24', 465, 'lqq', NULL, '2017-12-22');
INSERT INTO `orders` VALUES ('202107080007000364', '已退房', '418689199007157526', '000081', '2017-12-25', '2017-12-27', 297, 'chiron', NULL, '2017-12-25');
INSERT INTO `orders` VALUES ('202107080007000365', '已退房', '281879199706088002', '000013', '2017-12-23', '2017-12-26', 515, 'lqq', NULL, '2017-12-23');
INSERT INTO `orders` VALUES ('202107080007000366', '已退房', '478785198904148407', '000005', '2017-12-25', '2017-12-26', 245, 'lqq', NULL, '2017-12-25');
INSERT INTO `orders` VALUES ('202107080007000367', '已退房', '494393198406220769', '000081', '2017-12-19', '2017-12-22', 454, 'chiron', NULL, '2017-12-19');
INSERT INTO `orders` VALUES ('202107080007000368', '已退房', '622532199906183170', '000028', '2017-12-20', '2017-12-23', 442, 'lx', NULL, '2017-12-20');
INSERT INTO `orders` VALUES ('202107080007000369', '已退房', '924392198506108650', '000046', '2017-12-23', '2017-12-26', 296, 'lx', NULL, '2017-12-23');
INSERT INTO `orders` VALUES ('202107080007000370', '已退房', '468266198409204901', '000084', '2017-12-26', '2017-12-28', 479, 'chiron', NULL, '2017-12-26');
INSERT INTO `orders` VALUES ('202107080007000371', '已退房', '587995199001032625', '000098', '2017-12-26', '2017-12-28', 188, 'lx', NULL, '2017-12-26');
INSERT INTO `orders` VALUES ('202107080007000372', '已退房', '747827199701132078', '000055', '2017-12-22', '2017-12-23', 381, 'lx', NULL, '2017-12-22');
INSERT INTO `orders` VALUES ('202107080007000373', '已退房', '371928199807204209', '000032', '2017-12-19', '2017-12-22', 201, 'lx', NULL, '2017-12-19');
INSERT INTO `orders` VALUES ('202107080007000374', '已退房', '147835199306011514', '000045', '2017-12-19', '2017-12-20', 154, 'lx', NULL, '2017-12-19');
INSERT INTO `orders` VALUES ('202107080007000375', '已退房', '469365198503149785', '000085', '2017-12-22', '2017-12-25', 559, 'lx', NULL, '2017-12-22');
INSERT INTO `orders` VALUES ('202107080007000376', '已退房', '763669198406022325', '000086', '2017-12-19', '2017-12-21', 176, 'chiron', NULL, '2017-12-19');
INSERT INTO `orders` VALUES ('202107080007000377', '已退房', '755354199608258129', '000089', '2017-12-19', '2017-12-21', 583, 'lx', NULL, '2017-12-19');
INSERT INTO `orders` VALUES ('202107080007000378', '已退房', '283755198801245804', '000046', '2017-12-19', '2017-12-22', 266, 'lqq', NULL, '2017-12-19');
INSERT INTO `orders` VALUES ('202107080007000379', '已退房', '478992199809245195', '000062', '2017-12-23', '2017-12-25', 524, 'lx', NULL, '2017-12-23');
INSERT INTO `orders` VALUES ('202107080007000380', '已退房', '617694198903143950', '000067', '2017-12-21', '2017-12-23', 328, 'lx', NULL, '2017-12-21');
INSERT INTO `orders` VALUES ('202107080007000381', '已退房', '578178199803204707', '000078', '2017-12-24', '2017-12-27', 344, 'lx', NULL, '2017-12-24');
INSERT INTO `orders` VALUES ('202107080007000382', '已退房', '922752198303091210', '000082', '2017-12-26', '2017-12-29', 586, 'lqq', NULL, '2017-12-26');
INSERT INTO `orders` VALUES ('202107080007000383', '已退房', '599776199703126603', '000089', '2017-12-21', '2017-12-23', 107, 'lqq', NULL, '2017-12-21');
INSERT INTO `orders` VALUES ('202107080007000384', '已退房', '688523199004078742', '000093', '2017-12-24', '2017-12-25', 312, 'lx', NULL, '2017-12-24');
INSERT INTO `orders` VALUES ('202107080007000385', '已退房', '793863199406022125', '000053', '2017-12-22', '2017-12-23', 339, 'chiron', NULL, '2017-12-22');
INSERT INTO `orders` VALUES ('202107080007000386', '已退房', '622154199402019541', '000022', '2017-12-20', '2017-12-23', 123, 'lqq', NULL, '2017-12-20');
INSERT INTO `orders` VALUES ('202107080007000387', '已退房', '887151199708182628', '000039', '2017-12-20', '2017-12-21', 514, 'chiron', NULL, '2017-12-20');
INSERT INTO `orders` VALUES ('202107080007000388', '已退房', '152757198006250797', '000061', '2017-12-26', '2017-12-28', 553, 'chiron', NULL, '2017-12-26');
INSERT INTO `orders` VALUES ('202107080007000389', '已退房', '588377198708216592', '000087', '2017-12-26', '2017-12-29', 456, 'lx', NULL, '2017-12-26');
INSERT INTO `orders` VALUES ('202107080007000390', '已退房', '832539199405080943', '000040', '2017-12-20', '2017-12-22', 364, 'lx', NULL, '2017-12-20');
INSERT INTO `orders` VALUES ('202107080007000391', '已退房', '95691619950701809X', '000041', '2017-12-26', '2017-12-27', 386, 'lqq', NULL, '2017-12-26');
INSERT INTO `orders` VALUES ('202107080007000392', '已退房', '82311519910417351X', '000042', '2017-12-22', '2017-12-23', 115, 'lqq', NULL, '2017-12-22');
INSERT INTO `orders` VALUES ('202107080007000393', '已退房', '318647199701057835', '000003', '2017-12-23', '2017-12-24', 258, 'lx', NULL, '2017-12-23');
INSERT INTO `orders` VALUES ('202107080007000394', '已退房', '13459319890915714X', '000049', '2017-12-26', '2017-12-29', 321, 'chiron', NULL, '2017-12-26');
INSERT INTO `orders` VALUES ('202107080007000395', '已退房', '668292198901189360', '000017', '2017-12-25', '2017-12-26', 546, 'chiron', NULL, '2017-12-25');
INSERT INTO `orders` VALUES ('202107080007000396', '已退房', '376884198808148910', '000065', '2017-12-24', '2017-12-25', 471, 'lqq', NULL, '2017-12-24');
INSERT INTO `orders` VALUES ('202107080007000397', '已退房', '515139198405266678', '000023', '2017-12-24', '2017-12-27', 229, 'lqq', NULL, '2017-12-24');
INSERT INTO `orders` VALUES ('202107080007000398', '已退房', '214637199304251976', '000023', '2017-12-25', '2017-12-27', 521, 'lx', NULL, '2017-12-25');
INSERT INTO `orders` VALUES ('202107080007000399', '已退房', '396774199206090643', '000075', '2017-12-24', '2017-12-26', 527, 'lx', NULL, '2017-12-24');
INSERT INTO `orders` VALUES ('202107080007000400', '已退房', '735469198609188988', '000081', '2017-12-24', '2017-12-27', 256, 'chiron', NULL, '2017-12-24');
INSERT INTO `orders` VALUES ('202107080007000401', '已退房', '453248198804260672', '000045', '2017-12-25', '2017-12-28', 419, 'chiron', NULL, '2017-12-25');
INSERT INTO `orders` VALUES ('202107080007000402', '已退房', '827887199205176588', '000078', '2017-12-24', '2017-12-25', 104, 'chiron', NULL, '2017-12-24');
INSERT INTO `orders` VALUES ('202107080007000403', '已退房', '953458199202237340', '000019', '2017-12-25', '2017-12-26', 379, 'chiron', NULL, '2017-12-25');
INSERT INTO `orders` VALUES ('202107080007000404', '已退房', '331789198908266732', '000029', '2017-12-22', '2017-12-25', 508, 'lx', NULL, '2017-12-22');
INSERT INTO `orders` VALUES ('202107080007000405', '已退房', '463224199305136787', '000043', '2017-12-26', '2017-12-27', 501, 'lx', NULL, '2017-12-26');
INSERT INTO `orders` VALUES ('202107080007000406', '已退房', '246629199606031159', '000080', '2017-12-26', '2017-12-29', 437, 'chiron', NULL, '2017-12-26');
INSERT INTO `orders` VALUES ('202107080007000407', '已退房', '378698198301256997', '000080', '2017-12-22', '2017-12-25', 270, 'lx', NULL, '2017-12-22');
INSERT INTO `orders` VALUES ('202107080007000408', '已退房', '646222199404256622', '000042', '2017-12-23', '2017-12-26', 127, 'lx', NULL, '2017-12-23');
INSERT INTO `orders` VALUES ('202107080007000409', '已退房', '686546199604148954', '000012', '2017-12-22', '2017-12-23', 433, 'lx', NULL, '2017-12-22');
INSERT INTO `orders` VALUES ('202107080007000410', '已退房', '784936199504048594', '000029', '2017-12-24', '2017-12-25', 394, 'chiron', NULL, '2017-12-24');
INSERT INTO `orders` VALUES ('202107080007000411', '已退房', '173135199201268464', '000060', '2017-12-23', '2017-12-24', 352, 'lx', NULL, '2017-12-23');
INSERT INTO `orders` VALUES ('202107080007000412', '已退房', '369446198507181216', '000074', '2017-12-24', '2017-12-26', 385, 'chiron', NULL, '2017-12-24');
INSERT INTO `orders` VALUES ('202107080007000413', '已退房', '851963198808077298', '000038', '2017-12-26', '2017-12-29', 483, 'lx', NULL, '2017-12-26');
INSERT INTO `orders` VALUES ('202107080007000414', '已退房', '835631199804247859', '000083', '2017-12-26', '2017-12-27', 204, 'lqq', NULL, '2017-12-26');
INSERT INTO `orders` VALUES ('202107080007000415', '已退房', '588647199403275922', '000067', '2017-12-24', '2017-12-25', 423, 'chiron', NULL, '2017-12-24');
INSERT INTO `orders` VALUES ('202107080007000416', '已退房', '359347199209146862', '000053', '2017-12-22', '2017-12-23', 433, 'lx', NULL, '2017-12-22');
INSERT INTO `orders` VALUES ('202107080007000417', '已退房', '124417199404086703', '000085', '2017-12-25', '2017-12-27', 485, 'lx', NULL, '2017-12-25');
INSERT INTO `orders` VALUES ('202107080007000418', '已退房', '713626198705060357', '000029', '2017-12-24', '2017-12-26', 436, 'lx', NULL, '2017-12-24');
INSERT INTO `orders` VALUES ('202107080007000419', '已退房', '818634199904080193', '000079', '2017-12-22', '2017-12-23', 160, 'lx', NULL, '2017-12-22');
INSERT INTO `orders` VALUES ('202107080007000420', '已退房', '517734199207130160', '000025', '2017-12-26', '2017-12-29', 112, 'lx', NULL, '2017-12-26');
INSERT INTO `orders` VALUES ('202107080007000421', '已退房', '919141198907050797', '000011', '2017-12-27', '2017-12-30', 132, 'lx', NULL, '2017-12-27');
INSERT INTO `orders` VALUES ('202107080007000422', '已退房', '843885198606058227', '000072', '2017-12-24', '2017-12-26', 197, 'lx', NULL, '2017-12-24');
INSERT INTO `orders` VALUES ('202107080007000423', '已退房', '588941198601217401', '000044', '2017-12-25', '2017-12-27', 221, 'lqq', NULL, '2017-12-25');
INSERT INTO `orders` VALUES ('202107080007000424', '已退房', '379659198604151371', '000024', '2017-12-27', '2017-12-29', 291, 'lx', NULL, '2017-12-27');
INSERT INTO `orders` VALUES ('202107080007000425', '已退房', '835454199505167449', '000096', '2017-12-27', '2017-12-28', 173, 'lqq', NULL, '2017-12-27');
INSERT INTO `orders` VALUES ('202107080007000426', '已退房', '73319619880123210X', '000087', '2017-12-24', '2017-12-26', 302, 'lqq', NULL, '2017-12-24');
INSERT INTO `orders` VALUES ('202107080007000427', '已退房', '986944198706249647', '000034', '2017-12-23', '2017-12-24', 433, 'lx', NULL, '2017-12-23');
INSERT INTO `orders` VALUES ('202107080007000428', '已退房', '915825198507109301', '000002', '2017-12-23', '2017-12-25', 532, 'lx', NULL, '2017-12-23');
INSERT INTO `orders` VALUES ('202107080007000429', '已退房', '383914198907229885', '000002', '2017-12-24', '2017-12-26', 429, 'lx', NULL, '2017-12-24');
INSERT INTO `orders` VALUES ('202107080007000430', '已退房', '432822199206210658', '000003', '2017-12-27', '2017-12-28', 125, 'chiron', NULL, '2017-12-27');
INSERT INTO `orders` VALUES ('202107080007000431', '已退房', '994278198501035886', '000007', '2017-12-25', '2017-12-26', 397, 'lx', NULL, '2017-12-25');
INSERT INTO `orders` VALUES ('202107080007000432', '已退房', '948181199503050897', '000037', '2017-12-27', '2017-12-30', 561, 'lx', NULL, '2017-12-27');
INSERT INTO `orders` VALUES ('202107080007000433', '已退房', '675897198406101548', '000086', '2017-12-22', '2017-12-23', 199, 'lx', NULL, '2017-12-22');
INSERT INTO `orders` VALUES ('202107080007000434', '已退房', '835449198109080637', '000090', '2017-12-23', '2017-12-24', 587, 'lx', NULL, '2017-12-23');
INSERT INTO `orders` VALUES ('202107080007000435', '已退房', '757251198901228466', '000082', '2017-12-26', '2017-12-28', 320, 'chiron', NULL, '2017-12-26');
INSERT INTO `orders` VALUES ('202107080007000436', '已退房', '211614199102246522', '000066', '2017-12-26', '2017-12-27', 523, 'chiron', NULL, '2017-12-26');
INSERT INTO `orders` VALUES ('202107080007000437', '已退房', '743736199608230279', '000027', '2017-12-25', '2017-12-28', 232, 'lqq', NULL, '2017-12-25');
INSERT INTO `orders` VALUES ('202107080007000438', '已退房', '349966199007105245', '000072', '2017-12-27', '2017-12-28', 151, 'chiron', NULL, '2017-12-27');
INSERT INTO `orders` VALUES ('202107080007000439', '已退房', '175859198401239218', '000011', '2017-12-27', '2017-12-30', 436, 'lx', NULL, '2017-12-27');
INSERT INTO `orders` VALUES ('202107080007000440', '已退房', '718199199008195758', '000079', '2017-12-28', '2017-12-29', 535, 'chiron', NULL, '2017-12-28');
INSERT INTO `orders` VALUES ('202107080007000441', '已退房', '247861198201095389', '000009', '2017-12-25', '2017-12-26', 371, 'lx', NULL, '2017-12-25');
INSERT INTO `orders` VALUES ('202107080007000442', '已退房', '378249199005171249', '000019', '2017-12-24', '2017-12-27', 187, 'lx', NULL, '2017-12-24');
INSERT INTO `orders` VALUES ('202107080007000443', '已退房', '264841198408054002', '000039', '2017-12-28', '2017-12-29', 384, 'lqq', NULL, '2017-12-28');
INSERT INTO `orders` VALUES ('202107080007000444', '已退房', '119919199001079843', '000035', '2017-12-24', '2017-12-27', 419, 'lqq', NULL, '2017-12-24');
INSERT INTO `orders` VALUES ('202107080007000445', '已退房', '54387719830125375X', '000020', '2017-12-28', '2017-12-30', 141, 'chiron', NULL, '2017-12-28');
INSERT INTO `orders` VALUES ('202107080007000446', '已退房', '531453199706132049', '000033', '2017-12-23', '2017-12-25', 492, 'chiron', NULL, '2017-12-23');
INSERT INTO `orders` VALUES ('202107080007000447', '已退房', '132499199806242013', '000044', '2017-12-28', '2017-12-31', 515, 'lx', NULL, '2017-12-28');
INSERT INTO `orders` VALUES ('202107080007000448', '已退房', '86113419860722127X', '000080', '2017-12-28', '2017-12-29', 106, 'lx', NULL, '2017-12-28');
INSERT INTO `orders` VALUES ('202107080007000449', '已退房', '715434198109199118', '000037', '2017-12-28', '2017-12-31', 366, 'lqq', NULL, '2017-12-28');
INSERT INTO `orders` VALUES ('202107080007000450', '已退房', '119398198504078840', '000084', '2017-12-23', '2017-12-24', 575, 'chiron', NULL, '2017-12-23');
INSERT INTO `orders` VALUES ('202107080007000451', '已退房', '439397199901231063', '000062', '2017-12-25', '2017-12-28', 294, 'lqq', NULL, '2017-12-25');
INSERT INTO `orders` VALUES ('202107080007000452', '已退房', '775971199202201694', '000064', '2017-12-25', '2017-12-28', 221, 'lqq', NULL, '2017-12-25');
INSERT INTO `orders` VALUES ('202107080007000453', '已退房', '161734198708194765', '000030', '2017-12-28', '2017-12-29', 354, 'lx', NULL, '2017-12-28');
INSERT INTO `orders` VALUES ('202107080007000454', '已退房', '945459199109243128', '000096', '2017-12-28', '2017-12-31', 348, 'lx', NULL, '2017-12-28');
INSERT INTO `orders` VALUES ('202107080007000455', '已退房', '157881198406260302', '000024', '2017-12-28', '2017-12-31', 372, 'lx', NULL, '2017-12-28');
INSERT INTO `orders` VALUES ('202107080007000456', '已退房', '339534198506198985', '000044', '2017-12-24', '2017-12-26', 189, 'lx', NULL, '2017-12-24');
INSERT INTO `orders` VALUES ('202107080007000457', '已退房', '765151198606192936', '000056', '2017-12-24', '2017-12-25', 595, 'lqq', NULL, '2017-12-24');
INSERT INTO `orders` VALUES ('202107080007000458', '已退房', '629943198108072356', '000075', '2017-12-27', '2017-12-28', 218, 'lqq', NULL, '2017-12-27');
INSERT INTO `orders` VALUES ('202107080007000459', '已退房', '734771198507091381', '000018', '2017-12-23', '2017-12-25', 583, 'lx', NULL, '2017-12-23');
INSERT INTO `orders` VALUES ('202107080007000460', '已退房', '689328198006072616', '000055', '2017-12-23', '2017-12-26', 548, 'chiron', NULL, '2017-12-23');
INSERT INTO `orders` VALUES ('202107080007000461', '已退房', '74539219800411584X', '000078', '2017-12-25', '2017-12-28', 464, 'lx', NULL, '2017-12-25');
INSERT INTO `orders` VALUES ('202107080007000462', '已退房', '54394219980319354X', '000091', '2017-12-27', '2017-12-28', 372, 'lqq', NULL, '2017-12-27');
INSERT INTO `orders` VALUES ('202107080007000463', '已退房', '516341199504125967', '000038', '2017-12-29', '2017-12-31', 592, 'lx', NULL, '2017-12-29');
INSERT INTO `orders` VALUES ('202107080007000464', '已退房', '669937198501055069', '000008', '2017-12-24', '2017-12-27', 300, 'lx', NULL, '2017-12-24');
INSERT INTO `orders` VALUES ('202107080007000465', '已退房', '738268198406090476', '000034', '2017-12-28', '2017-12-29', 387, 'lx', NULL, '2017-12-28');
INSERT INTO `orders` VALUES ('202107080007000466', '已退房', '847486198705131432', '000021', '2017-12-29', '2017-12-31', 139, 'lx', NULL, '2017-12-29');
INSERT INTO `orders` VALUES ('202107080007000467', '已退房', '911924198605275827', '000043', '2017-12-25', '2017-12-26', 210, 'lx', NULL, '2017-12-25');
INSERT INTO `orders` VALUES ('202107080007000468', '已退房', '929111198305067392', '000063', '2017-12-26', '2017-12-29', 132, 'chiron', NULL, '2017-12-26');
INSERT INTO `orders` VALUES ('202107080007000469', '已退房', '919748198607100112', '000099', '2017-12-27', '2017-12-29', 580, 'chiron', NULL, '2017-12-27');
INSERT INTO `orders` VALUES ('202107080007000470', '已退房', '762374199309039254', '000062', '2017-12-29', '2017-12-30', 326, 'lx', NULL, '2017-12-29');
INSERT INTO `orders` VALUES ('202107080007000471', '已退房', '924353198309168254', '000034', '2017-12-29', '2017-12-30', 102, 'lqq', NULL, '2017-12-29');
INSERT INTO `orders` VALUES ('202107080007000472', '已退房', '499726198006275257', '000055', '2017-12-29', '2017-12-31', 261, 'lqq', NULL, '2017-12-29');
INSERT INTO `orders` VALUES ('202107080007000473', '已退房', '244612199406043527', '000002', '2017-12-26', '2017-12-28', 317, 'lqq', NULL, '2017-12-26');
INSERT INTO `orders` VALUES ('202107080007000474', '已退房', '493997198001101259', '000017', '2017-12-26', '2017-12-28', 480, 'lx', NULL, '2017-12-26');
INSERT INTO `orders` VALUES ('202107080007000475', '已退房', '953186199403200287', '000038', '2017-12-28', '2017-12-29', 544, 'lx', NULL, '2017-12-28');
INSERT INTO `orders` VALUES ('202107080007000476', '已退房', '368664199209173223', '000058', '2017-12-26', '2017-12-28', 369, 'chiron', NULL, '2017-12-26');
INSERT INTO `orders` VALUES ('202107080007000477', '已退房', '826754199105169870', '000034', '2017-12-24', '2017-12-27', 558, 'chiron', NULL, '2017-12-24');
INSERT INTO `orders` VALUES ('202107080007000478', '已退房', '174122199503035331', '000042', '2017-12-29', '2017-12-30', 375, 'lqq', NULL, '2017-12-29');
INSERT INTO `orders` VALUES ('202107080007000479', '已退房', '96775319910720521X', '000020', '2017-12-26', '2017-12-28', 474, 'lx', NULL, '2017-12-26');
INSERT INTO `orders` VALUES ('202107080007000480', '已退房', '726366198702269058', '000064', '2017-12-26', '2017-12-27', 511, 'chiron', NULL, '2017-12-26');
INSERT INTO `orders` VALUES ('202107080007000481', '已退房', '974354199603170494', '000051', '2017-12-27', '2017-12-30', 570, 'lx', NULL, '2017-12-27');
INSERT INTO `orders` VALUES ('202107080007000482', '已退房', '212383198905061284', '000068', '2017-12-26', '2017-12-27', 225, 'chiron', NULL, '2017-12-26');
INSERT INTO `orders` VALUES ('202107080007000483', '已退房', '813922198201046951', '000052', '2017-12-27', '2017-12-30', 535, 'chiron', NULL, '2017-12-27');
INSERT INTO `orders` VALUES ('202107080007000484', '已退房', '229992198204074469', '000061', '2017-12-27', '2017-12-30', 377, 'lx', NULL, '2017-12-27');
INSERT INTO `orders` VALUES ('202107080007000485', '已退房', '818185198002119763', '000083', '2017-12-30', '2018-01-01', 394, 'lx', NULL, '2017-12-30');
INSERT INTO `orders` VALUES ('202107080007000486', '已退房', '737116198002153319', '000090', '2017-12-30', '2018-01-01', 570, 'lx', NULL, '2017-12-30');
INSERT INTO `orders` VALUES ('202107080007000487', '已退房', '868596198302147782', '000076', '2017-12-29', '2017-12-31', 456, 'lx', NULL, '2017-12-29');
INSERT INTO `orders` VALUES ('202107080007000488', '已退房', '131494199509266331', '000062', '2017-12-27', '2017-12-28', 505, 'lx', NULL, '2017-12-27');
INSERT INTO `orders` VALUES ('202107080007000489', '已退房', '186168198902058539', '000100', '2017-12-30', '2018-01-02', 103, 'lx', NULL, '2017-12-30');
INSERT INTO `orders` VALUES ('202107080007000490', '已退房', '392133199202059995', '000020', '2017-12-28', '2017-12-29', 154, 'lx', NULL, '2017-12-28');
INSERT INTO `orders` VALUES ('202107080007000491', '已退房', '354526198705041023', '000014', '2017-12-25', '2017-12-27', 197, 'lx', NULL, '2017-12-25');
INSERT INTO `orders` VALUES ('202107080007000492', '已退房', '718387199106143420', '000015', '2017-12-29', '2017-12-30', 583, 'chiron', NULL, '2017-12-29');
INSERT INTO `orders` VALUES ('202107080007000493', '已退房', '186418199904127195', '000003', '2017-12-25', '2017-12-28', 252, 'chiron', NULL, '2017-12-25');
INSERT INTO `orders` VALUES ('202107080007000494', '已退房', '628547198503250928', '000096', '2017-12-25', '2017-12-26', 419, 'lx', NULL, '2017-12-25');
INSERT INTO `orders` VALUES ('202107080007000495', '已退房', '769129198209065702', '000027', '2017-12-27', '2017-12-30', 457, 'lx', NULL, '2017-12-27');
INSERT INTO `orders` VALUES ('202107080007000496', '已退房', '424898199403245849', '000036', '2017-12-27', '2017-12-29', 256, 'chiron', NULL, '2017-12-27');
INSERT INTO `orders` VALUES ('202107080007000497', '已退房', '663823199609104198', '000016', '2017-12-27', '2017-12-30', 348, 'lx', NULL, '2017-12-27');
INSERT INTO `orders` VALUES ('202107080007000498', '已退房', '253329198205205419', '000014', '2017-12-25', '2017-12-26', 479, 'lqq', NULL, '2017-12-25');
INSERT INTO `orders` VALUES ('202107080007000499', '已退房', '757456199309217909', '000031', '2017-12-30', '2018-01-02', 123, 'lqq', NULL, '2017-12-30');
INSERT INTO `orders` VALUES ('202107080007000500', '已退房', '981135198606208747', '000074', '2017-12-26', '2017-12-27', 434, 'lx', NULL, '2017-12-26');
INSERT INTO `orders` VALUES ('202107080007000501', '已退房', '289963199402069576', '000026', '2017-12-28', '2017-12-30', 298, 'lx', NULL, '2017-12-28');
INSERT INTO `orders` VALUES ('202107080007000502', '已退房', '846696198307105709', '000092', '2017-12-27', '2017-12-28', 251, 'lqq', NULL, '2017-12-27');
INSERT INTO `orders` VALUES ('202107080007000503', '已退房', '827175199003109797', '000063', '2017-12-27', '2017-12-28', 365, 'lx', NULL, '2017-12-27');
INSERT INTO `orders` VALUES ('202107080007000504', '已退房', '585945198009257757', '000005', '2017-12-29', '2017-12-30', 172, 'lx', NULL, '2017-12-29');
INSERT INTO `orders` VALUES ('202107080007000505', '已退房', '862858198801269170', '000094', '2017-12-30', '2018-01-01', 576, 'lqq', NULL, '2017-12-30');
INSERT INTO `orders` VALUES ('202107080007000506', '已退房', '814372199508230370', '000062', '2017-12-30', '2018-01-01', 550, 'lx', NULL, '2017-12-30');
INSERT INTO `orders` VALUES ('202107080007000507', '已退房', '694422198602171260', '000070', '2017-12-26', '2017-12-28', 495, 'chiron', NULL, '2017-12-26');
INSERT INTO `orders` VALUES ('202107080007000508', '已退房', '776475199808251177', '000036', '2017-12-29', '2017-12-31', 168, 'chiron', NULL, '2017-12-29');
INSERT INTO `orders` VALUES ('202107080007000509', '已退房', '446299198607092949', '000096', '2017-12-28', '2017-12-30', 354, 'lx', NULL, '2017-12-28');
INSERT INTO `orders` VALUES ('202107080007000510', '已退房', '288978198701154956', '000034', '2017-12-30', '2017-12-31', 203, 'lqq', NULL, '2017-12-30');
INSERT INTO `orders` VALUES ('202107080007000511', '已退房', '819694198209116097', '000001', '2017-12-28', '2017-12-30', 384, 'lqq', NULL, '2017-12-28');
INSERT INTO `orders` VALUES ('202107080007000512', '已退房', '997328199903251740', '000095', '2017-12-29', '2017-12-31', 411, 'chiron', NULL, '2017-12-29');
INSERT INTO `orders` VALUES ('202107080007000513', '已退房', '848262199605260177', '000037', '2017-12-29', '2017-12-31', 308, 'lx', NULL, '2017-12-29');
INSERT INTO `orders` VALUES ('202107080007000514', '已退房', '181583199001022905', '000047', '2017-12-29', '2018-01-01', 149, 'lqq', NULL, '2017-12-29');
INSERT INTO `orders` VALUES ('202107080007000515', '已退房', '874216199302085192', '000034', '2017-12-29', '2017-12-30', 240, 'lx', NULL, '2017-12-29');
INSERT INTO `orders` VALUES ('202107080007000516', '已退房', '919959199909121108', '000075', '2017-12-26', '2017-12-29', 101, 'lqq', NULL, '2017-12-26');
INSERT INTO `orders` VALUES ('202107080007000517', '已退房', '334525198405087169', '000008', '2017-12-30', '2018-01-02', 541, 'lx', NULL, '2017-12-30');
INSERT INTO `orders` VALUES ('202107080007000518', '已退房', '323177198103114151', '000084', '2017-12-30', '2017-12-31', 530, 'lqq', NULL, '2017-12-30');
INSERT INTO `orders` VALUES ('202107080007000519', '已退房', '533533199408100200', '000038', '2017-12-26', '2017-12-29', 306, 'lx', NULL, '2017-12-26');
INSERT INTO `orders` VALUES ('202107080007000520', '已退房', '112811198607218708', '000053', '2017-12-29', '2017-12-31', 232, 'lqq', NULL, '2017-12-29');
INSERT INTO `orders` VALUES ('202107080007000521', '已退房', '279279198403016165', '000082', '2017-12-29', '2017-12-31', 522, 'lx', NULL, '2017-12-29');
INSERT INTO `orders` VALUES ('202107080007000522', '已退房', '736929199006040652', '000013', '2017-12-29', '2018-01-01', 536, 'lx', NULL, '2017-12-29');
INSERT INTO `orders` VALUES ('202107080007000523', '已退房', '457972199204234880', '000049', '2017-12-30', '2018-01-02', 250, 'lqq', NULL, '2017-12-30');
INSERT INTO `orders` VALUES ('202107080007000524', '已退房', '395951199807277222', '000097', '2017-12-30', '2018-01-02', 244, 'lx', NULL, '2017-12-30');
INSERT INTO `orders` VALUES ('202107080007000525', '已退房', '345811198307160992', '000085', '2017-12-27', '2017-12-30', 439, 'lx', NULL, '2017-12-27');
INSERT INTO `orders` VALUES ('202107080007000526', '已退房', '621365198902233346', '000032', '2017-12-27', '2017-12-29', 385, 'lqq', NULL, '2017-12-27');
INSERT INTO `orders` VALUES ('202107080007000527', '已退房', '652525198904113950', '000036', '2017-12-27', '2017-12-30', 455, 'lqq', NULL, '2017-12-27');
INSERT INTO `orders` VALUES ('202107080007000528', '已退房', '377228198003045612', '000053', '2017-12-29', '2017-12-31', 460, 'chiron', NULL, '2017-12-29');
INSERT INTO `orders` VALUES ('202107080007000529', '已退房', '527429198602087414', '000026', '2017-12-29', '2017-12-31', 184, 'lqq', NULL, '2017-12-29');
INSERT INTO `orders` VALUES ('202107080007000530', '已退房', '335776198605047825', '000045', '2017-12-30', '2017-12-31', 540, 'lx', NULL, '2017-12-30');
INSERT INTO `orders` VALUES ('202107080007000531', '已退房', '993155199705088406', '000026', '2017-12-28', '2017-12-31', 457, 'chiron', NULL, '2017-12-28');
INSERT INTO `orders` VALUES ('202107080007000532', '已退房', '94234919870507971X', '000035', '2017-12-29', '2017-12-30', 243, 'lqq', NULL, '2017-12-29');
INSERT INTO `orders` VALUES ('202107080007000533', '已退房', '686276199705232778', '000069', '2017-12-29', '2017-12-31', 151, 'lqq', NULL, '2017-12-29');
INSERT INTO `orders` VALUES ('202107080007000534', '已退房', '718395198701059480', '000014', '2017-12-30', '2018-01-02', 355, 'lx', NULL, '2017-12-30');
INSERT INTO `orders` VALUES ('202107080007000535', '已退房', '713752199304040817', '000005', '2017-12-31', '2018-01-01', 362, 'lx', NULL, '2017-12-31');
INSERT INTO `orders` VALUES ('202107080007000536', '已退房', '966497199401234600', '000040', '2017-12-27', '2017-12-30', 416, 'lx', NULL, '2017-12-27');
INSERT INTO `orders` VALUES ('202107080007000537', '已退房', '629497199705133985', '000023', '2017-12-31', '2018-01-02', 305, 'lx', NULL, '2017-12-31');
INSERT INTO `orders` VALUES ('202107080007000538', '已退房', '341813199106233888', '000004', '2017-12-28', '2017-12-30', 224, 'lqq', NULL, '2017-12-28');
INSERT INTO `orders` VALUES ('202107080007000539', '已退房', '722617199903045069', '000043', '2017-12-30', '2018-01-02', 241, 'lqq', NULL, '2017-12-30');
INSERT INTO `orders` VALUES ('202107080007000540', '已退房', '123564199703038620', '000042', '2017-12-29', '2017-12-30', 402, 'chiron', NULL, '2017-12-29');
INSERT INTO `orders` VALUES ('202107080007000541', '已退房', '557817198909082118', '000063', '2017-12-30', '2018-01-01', 339, 'lx', NULL, '2017-12-30');
INSERT INTO `orders` VALUES ('202107080007000542', '已退房', '49764619980122219X', '000083', '2017-12-31', '2018-01-01', 361, 'lx', NULL, '2017-12-31');
INSERT INTO `orders` VALUES ('202107080007000543', '已退房', '972779199702043084', '000096', '2017-12-31', '2018-01-01', 482, 'lqq', NULL, '2017-12-31');
INSERT INTO `orders` VALUES ('202107080007000544', '已退房', '746945198303143591', '000063', '2017-12-30', '2018-01-02', 193, 'chiron', NULL, '2017-12-30');
INSERT INTO `orders` VALUES ('202107080007000545', '已退房', '358129198002100446', '000088', '2017-12-29', '2018-01-01', 489, 'lx', NULL, '2017-12-29');
INSERT INTO `orders` VALUES ('202107080007000546', '已退房', '541152198005043136', '000092', '2018-01-01', '2018-01-04', 486, 'lqq', NULL, '2018-01-01');
INSERT INTO `orders` VALUES ('202107080007000547', '已退房', '199397199509040924', '000060', '2017-12-30', '2018-01-02', 358, 'lqq', NULL, '2017-12-30');
INSERT INTO `orders` VALUES ('202107080007000548', '已退房', '92346919800508767X', '000005', '2017-12-28', '2017-12-29', 435, 'lx', NULL, '2017-12-28');
INSERT INTO `orders` VALUES ('202107080007000549', '已退房', '769568198207059997', '000038', '2017-12-30', '2017-12-31', 426, 'lx', NULL, '2017-12-30');
INSERT INTO `orders` VALUES ('202107080007000550', '已退房', '648427198508100606', '000025', '2017-12-30', '2017-12-31', 507, 'lx', NULL, '2017-12-30');
INSERT INTO `orders` VALUES ('202107080007000551', '已退房', '925751198504061428', '000100', '2017-12-29', '2018-01-01', 444, 'lx', NULL, '2017-12-29');
INSERT INTO `orders` VALUES ('202107080007000552', '已退房', '434924198509062926', '000011', '2017-12-30', '2017-12-31', 152, 'chiron', NULL, '2017-12-30');
INSERT INTO `orders` VALUES ('202107080007000553', '已退房', '634868199803058138', '000013', '2017-12-30', '2018-01-02', 388, 'lx', NULL, '2017-12-30');
INSERT INTO `orders` VALUES ('202107080007000554', '已退房', '334139198804268449', '000046', '2017-12-31', '2018-01-01', 498, 'lqq', NULL, '2017-12-31');
INSERT INTO `orders` VALUES ('202107080007000555', '已退房', '162862199809012218', '000039', '2017-12-29', '2018-01-01', 330, 'lqq', NULL, '2017-12-29');
INSERT INTO `orders` VALUES ('202107080007000556', '已退房', '763749199504279305', '000074', '2017-12-30', '2018-01-01', 488, 'lx', NULL, '2017-12-30');
INSERT INTO `orders` VALUES ('202107080007000557', '已退房', '268416198508179684', '000044', '2017-12-29', '2017-12-31', 295, 'lx', NULL, '2017-12-29');
INSERT INTO `orders` VALUES ('202107080007000558', '已退房', '582811199609088734', '000059', '2017-12-30', '2018-01-01', 585, 'lqq', NULL, '2017-12-30');
INSERT INTO `orders` VALUES ('202107080007000559', '已退房', '444381198005025909', '000035', '2018-01-01', '2018-01-02', 505, 'chiron', NULL, '2018-01-01');
INSERT INTO `orders` VALUES ('202107080007000560', '已退房', '253112198609204289', '000011', '2017-12-31', '2018-01-03', 412, 'lx', NULL, '2017-12-31');
INSERT INTO `orders` VALUES ('202107080007000561', '已退房', '289727198008115879', '000062', '2018-01-01', '2018-01-03', 499, 'chiron', NULL, '2018-01-01');
INSERT INTO `orders` VALUES ('202107080007000562', '已退房', '724758198402270655', '000043', '2018-01-01', '2018-01-04', 153, 'chiron', NULL, '2018-01-01');
INSERT INTO `orders` VALUES ('202107080007000563', '已退房', '655689198805270846', '000052', '2017-12-30', '2018-01-02', 527, 'chiron', NULL, '2017-12-30');
INSERT INTO `orders` VALUES ('202107080007000564', '已退房', '925948199809144475', '000009', '2018-01-01', '2018-01-03', 588, 'lqq', NULL, '2018-01-01');
INSERT INTO `orders` VALUES ('202107080007000565', '已退房', '936399198106160693', '000004', '2017-12-31', '2018-01-02', 232, 'lx', NULL, '2017-12-31');
INSERT INTO `orders` VALUES ('202107080007000566', '已退房', '536674199406251991', '000072', '2018-01-01', '2018-01-04', 453, 'lx', NULL, '2018-01-01');
INSERT INTO `orders` VALUES ('202107080007000567', '已退房', '458448198606151059', '000024', '2017-12-29', '2018-01-01', 200, 'chiron', NULL, '2017-12-29');
INSERT INTO `orders` VALUES ('202107080007000568', '已退房', '551521199805011419', '000055', '2017-12-31', '2018-01-02', 279, 'lqq', NULL, '2017-12-31');
INSERT INTO `orders` VALUES ('202107080007000569', '已退房', '976111198801228657', '000060', '2018-01-01', '2018-01-03', 558, 'lqq', NULL, '2018-01-01');
INSERT INTO `orders` VALUES ('202107080007000570', '已退房', '225612199704128841', '000050', '2017-12-31', '2018-01-03', 144, 'lqq', NULL, '2017-12-31');
INSERT INTO `orders` VALUES ('202107080007000571', '已退房', '427972199004198162', '000057', '2018-01-01', '2018-01-03', 432, 'lx', NULL, '2018-01-01');
INSERT INTO `orders` VALUES ('202107080007000572', '已退房', '429985199906206671', '000048', '2018-01-01', '2018-01-02', 110, 'lx', NULL, '2018-01-01');
INSERT INTO `orders` VALUES ('202107080007000573', '已退房', '326898199509192464', '000010', '2017-12-31', '2018-01-03', 103, 'lx', NULL, '2017-12-31');
INSERT INTO `orders` VALUES ('202107080007000574', '已退房', '679242198207118924', '000096', '2017-12-31', '2018-01-02', 168, 'chiron', NULL, '2017-12-31');
INSERT INTO `orders` VALUES ('202107080007000575', '已退房', '651188199403081978', '000099', '2018-01-01', '2018-01-03', 143, 'lx', NULL, '2018-01-01');
INSERT INTO `orders` VALUES ('202107080007000576', '已退房', '972245198904197473', '000057', '2017-12-30', '2017-12-31', 176, 'lqq', NULL, '2017-12-30');
INSERT INTO `orders` VALUES ('202107080007000577', '已退房', '222929198709142833', '000076', '2017-12-29', '2017-12-31', 108, 'lqq', NULL, '2017-12-29');
INSERT INTO `orders` VALUES ('202107080007000578', '已退房', '63164419800605037X', '000035', '2017-12-31', '2018-01-01', 307, 'lx', NULL, '2017-12-31');
INSERT INTO `orders` VALUES ('202107080007000579', '已退房', '181452198109231405', '000082', '2018-01-01', '2018-01-04', 340, 'lqq', NULL, '2018-01-01');
INSERT INTO `orders` VALUES ('202107080007000580', '已退房', '768525199101169630', '000012', '2018-01-01', '2018-01-03', 300, 'lx', NULL, '2018-01-01');
INSERT INTO `orders` VALUES ('202107080007000581', '已退房', '478527198607131081', '000094', '2017-12-30', '2017-12-31', 327, 'chiron', NULL, '2017-12-30');
INSERT INTO `orders` VALUES ('202107080007000582', '已退房', '862936199602275940', '000021', '2018-01-01', '2018-01-04', 440, 'lx', NULL, '2018-01-01');
INSERT INTO `orders` VALUES ('202107080007000583', '已退房', '681879198606185008', '000069', '2018-01-01', '2018-01-04', 354, 'lx', NULL, '2018-01-01');
INSERT INTO `orders` VALUES ('202107080007000584', '已退房', '145943199003072911', '000014', '2018-01-01', '2018-01-02', 153, 'lx', NULL, '2018-01-01');
INSERT INTO `orders` VALUES ('202107080007000585', '已退房', '264926199005257389', '000020', '2017-12-30', '2018-01-01', 546, 'lx', NULL, '2017-12-30');
INSERT INTO `orders` VALUES ('202107080007000586', '已退房', '932739198302027920', '000098', '2018-01-02', '2018-01-04', 112, 'chiron', NULL, '2018-01-02');
INSERT INTO `orders` VALUES ('202107080007000587', '已退房', '22388519850127282X', '000004', '2018-01-01', '2018-01-03', 569, 'chiron', NULL, '2018-01-01');
INSERT INTO `orders` VALUES ('202107080007000588', '已退房', '113281199707060516', '000096', '2018-01-02', '2018-01-04', 100, 'chiron', NULL, '2018-01-02');
INSERT INTO `orders` VALUES ('202107080007000589', '已退房', '687363198908193836', '000037', '2018-01-02', '2018-01-04', 566, 'lx', NULL, '2018-01-02');
INSERT INTO `orders` VALUES ('202107080007000590', '已退房', '514484198203014090', '000070', '2017-12-30', '2018-01-01', 375, 'lx', NULL, '2017-12-30');
INSERT INTO `orders` VALUES ('202107080007000591', '已退房', '638389199202087062', '000019', '2018-01-02', '2018-01-05', 305, 'lx', NULL, '2018-01-02');
INSERT INTO `orders` VALUES ('202107080007000592', '已退房', '27843319990403210X', '000010', '2017-12-30', '2018-01-01', 288, 'lqq', NULL, '2017-12-30');
INSERT INTO `orders` VALUES ('202107080007000593', '已退房', '636798198608183451', '000007', '2017-12-31', '2018-01-02', 478, 'lqq', NULL, '2017-12-31');
INSERT INTO `orders` VALUES ('202107080007000594', '已退房', '785151199203102412', '000018', '2018-01-01', '2018-01-04', 429, 'lx', NULL, '2018-01-01');
INSERT INTO `orders` VALUES ('202107080007000595', '已退房', '236369199801156486', '000070', '2018-01-01', '2018-01-02', 278, 'lx', NULL, '2018-01-01');
INSERT INTO `orders` VALUES ('202107080007000596', '已退房', '71213219910302052X', '000086', '2017-12-31', '2018-01-01', 560, 'lx', NULL, '2017-12-31');
INSERT INTO `orders` VALUES ('202107080007000597', '已退房', '822175199102074601', '000038', '2018-01-02', '2018-01-03', 151, 'lx', NULL, '2018-01-02');
INSERT INTO `orders` VALUES ('202107080007000598', '已退房', '65626219950727421X', '000007', '2018-01-02', '2018-01-03', 218, 'lx', NULL, '2018-01-02');
INSERT INTO `orders` VALUES ('202107080007000599', '已退房', '448362199807091704', '000019', '2017-12-31', '2018-01-01', 538, 'lx', NULL, '2017-12-31');
INSERT INTO `orders` VALUES ('202107080007000600', '已退房', '366339199103041674', '000052', '2017-12-31', '2018-01-01', 550, 'lqq', NULL, '2017-12-31');
INSERT INTO `orders` VALUES ('202107080007000601', '已退房', '89794919960921216X', '000089', '2017-12-30', '2017-12-31', 391, 'lx', NULL, '2017-12-30');
INSERT INTO `orders` VALUES ('202107080007000602', '已退房', '266156198105230687', '000032', '2018-01-02', '2018-01-03', 316, 'lqq', NULL, '2018-01-02');
INSERT INTO `orders` VALUES ('202107080007000603', '已退房', '373826199804114092', '000092', '2018-01-02', '2018-01-03', 504, 'lqq', NULL, '2018-01-02');
INSERT INTO `orders` VALUES ('202107080007000604', '已退房', '221865199207231274', '000037', '2017-12-31', '2018-01-03', 336, 'lqq', NULL, '2017-12-31');
INSERT INTO `orders` VALUES ('202107080007000605', '已退房', '253637198103012786', '000079', '2018-01-02', '2018-01-04', 247, 'chiron', NULL, '2018-01-02');
INSERT INTO `orders` VALUES ('202107080007000606', '已退房', '345793198601150882', '000013', '2018-01-02', '2018-01-05', 264, 'lx', NULL, '2018-01-02');
INSERT INTO `orders` VALUES ('202107080007000607', '已退房', '75558419860724773X', '000038', '2018-01-01', '2018-01-04', 334, 'lx', NULL, '2018-01-01');
INSERT INTO `orders` VALUES ('202107080007000608', '已退房', '153347198106218686', '000076', '2018-01-03', '2018-01-06', 147, 'lx', NULL, '2018-01-03');
INSERT INTO `orders` VALUES ('202107080007000609', '已退房', '581692199101162725', '000029', '2018-01-01', '2018-01-03', 359, 'lx', NULL, '2018-01-01');
INSERT INTO `orders` VALUES ('202107080007000610', '已退房', '473696199701098909', '000024', '2018-01-02', '2018-01-05', 197, 'lx', NULL, '2018-01-02');
INSERT INTO `orders` VALUES ('202107080007000611', '已退房', '86448619840116843X', '000085', '2018-01-01', '2018-01-04', 145, 'lqq', NULL, '2018-01-01');
INSERT INTO `orders` VALUES ('202107080007000612', '已退房', '982652199304154930', '000100', '2018-01-01', '2018-01-04', 248, 'lx', NULL, '2018-01-01');
INSERT INTO `orders` VALUES ('202107080007000613', '已退房', '765477198606231333', '000017', '2018-01-03', '2018-01-04', 593, 'lx', NULL, '2018-01-03');
INSERT INTO `orders` VALUES ('202107080007000614', '已退房', '167553198903266078', '000025', '2018-01-01', '2018-01-02', 484, 'lqq', NULL, '2018-01-01');
INSERT INTO `orders` VALUES ('202107080007000615', '已退房', '272249198109080583', '000037', '2018-01-03', '2018-01-06', 543, 'lqq', NULL, '2018-01-03');
INSERT INTO `orders` VALUES ('202107080007000616', '已退房', '287684199301058804', '000003', '2018-01-02', '2018-01-05', 169, 'chiron', NULL, '2018-01-02');
INSERT INTO `orders` VALUES ('202107080007000617', '已退房', '444477199209223400', '000096', '2018-01-03', '2018-01-06', 355, 'lqq', NULL, '2018-01-03');
INSERT INTO `orders` VALUES ('202107080007000618', '已退房', '855377198001159240', '000010', '2018-01-02', '2018-01-03', 112, 'lx', NULL, '2018-01-02');
INSERT INTO `orders` VALUES ('202107080007000619', '已退房', '495375199803173188', '000083', '2018-01-02', '2018-01-04', 191, 'lx', NULL, '2018-01-02');
INSERT INTO `orders` VALUES ('202107080007000620', '已退房', '511964199607046105', '000044', '2018-01-03', '2018-01-04', 199, 'lx', NULL, '2018-01-03');
INSERT INTO `orders` VALUES ('202107080007000621', '已退房', '593697199509161131', '000069', '2018-01-02', '2018-01-05', 476, 'lx', NULL, '2018-01-02');
INSERT INTO `orders` VALUES ('202107080007000622', '已退房', '439676199901097428', '000029', '2018-01-03', '2018-01-06', 313, 'lx', NULL, '2018-01-03');
INSERT INTO `orders` VALUES ('202107080007000623', '已退房', '498498199806202928', '000029', '2018-01-03', '2018-01-06', 572, 'lx', NULL, '2018-01-03');
INSERT INTO `orders` VALUES ('202107080007000624', '已退房', '166572198609104367', '000064', '2018-01-02', '2018-01-03', 456, 'lx', NULL, '2018-01-02');
INSERT INTO `orders` VALUES ('202107080007000625', '已退房', '196242198809052259', '000001', '2018-01-03', '2018-01-05', 267, 'lx', NULL, '2018-01-03');
INSERT INTO `orders` VALUES ('202107080007000626', '已退房', '136967198604096105', '000044', '2018-01-01', '2018-01-02', 443, 'lx', NULL, '2018-01-01');
INSERT INTO `orders` VALUES ('202107080007000627', '已退房', '316475198302021147', '000073', '2018-01-03', '2018-01-04', 460, 'lqq', NULL, '2018-01-03');
INSERT INTO `orders` VALUES ('202107080007000628', '已退房', '735734198503126005', '000001', '2018-01-03', '2018-01-04', 585, 'lx', NULL, '2018-01-03');
INSERT INTO `orders` VALUES ('202107080007000629', '已退房', '33359319850602623X', '000035', '2018-01-03', '2018-01-05', 328, 'chiron', NULL, '2018-01-03');
INSERT INTO `orders` VALUES ('202107080007000630', '已退房', '816392199105026604', '000057', '2018-01-03', '2018-01-04', 285, 'lx', NULL, '2018-01-03');
INSERT INTO `orders` VALUES ('202107080007000631', '已退房', '865481199908020518', '000017', '2018-01-02', '2018-01-03', 179, 'lqq', NULL, '2018-01-02');
INSERT INTO `orders` VALUES ('202107080007000632', '已退房', '194698199305163517', '000063', '2018-01-03', '2018-01-05', 324, 'lqq', NULL, '2018-01-03');
INSERT INTO `orders` VALUES ('202107080007000633', '已退房', '425383198109153593', '000092', '2018-01-01', '2018-01-03', 473, 'lx', NULL, '2018-01-01');
INSERT INTO `orders` VALUES ('202107080007000634', '已退房', '782323199606100297', '000020', '2018-01-02', '2018-01-04', 473, 'chiron', NULL, '2018-01-02');
INSERT INTO `orders` VALUES ('202107080007000635', '已退房', '169229199606215653', '000043', '2018-01-04', '2018-01-07', 361, 'lx', NULL, '2018-01-04');
INSERT INTO `orders` VALUES ('202107080007000636', '已退房', '21331719990501747X', '000009', '2018-01-02', '2018-01-04', 108, 'chiron', NULL, '2018-01-02');
INSERT INTO `orders` VALUES ('202107080007000637', '已退房', '541847199002070384', '000092', '2018-01-03', '2018-01-05', 103, 'lx', NULL, '2018-01-03');
INSERT INTO `orders` VALUES ('202107080007000638', '已退房', '722697198205236578', '000060', '2018-01-03', '2018-01-05', 420, 'lx', NULL, '2018-01-03');
INSERT INTO `orders` VALUES ('202107080007000639', '已退房', '839346199708081432', '000073', '2018-01-04', '2018-01-05', 576, 'lx', NULL, '2018-01-04');
INSERT INTO `orders` VALUES ('202107080007000640', '已退房', '159121199105247966', '000027', '2018-01-03', '2018-01-06', 118, 'lx', NULL, '2018-01-03');
INSERT INTO `orders` VALUES ('202107080007000641', '已退房', '154851198603221256', '000060', '2018-01-04', '2018-01-05', 494, 'lqq', NULL, '2018-01-04');
INSERT INTO `orders` VALUES ('202107080007000642', '已退房', '593493198306071266', '000031', '2018-01-03', '2018-01-05', 515, 'lqq', NULL, '2018-01-03');
INSERT INTO `orders` VALUES ('202107080007000643', '已退房', '477586198801263191', '000098', '2018-01-03', '2018-01-05', 147, 'lqq', NULL, '2018-01-03');
INSERT INTO `orders` VALUES ('202107080007000644', '已退房', '237795198606114214', '000073', '2018-01-03', '2018-01-06', 281, 'lqq', NULL, '2018-01-03');
INSERT INTO `orders` VALUES ('202107080007000645', '已退房', '467722199302249389', '000075', '2018-01-03', '2018-01-06', 410, 'lx', NULL, '2018-01-03');
INSERT INTO `orders` VALUES ('202107080007000646', '已退房', '815174199509065285', '000055', '2018-01-02', '2018-01-05', 155, 'lx', NULL, '2018-01-02');
INSERT INTO `orders` VALUES ('202107080007000647', '已退房', '911381199901100668', '000058', '2018-01-02', '2018-01-05', 160, 'chiron', NULL, '2018-01-02');
INSERT INTO `orders` VALUES ('202107080007000648', '已退房', '769743199803177779', '000028', '2018-01-04', '2018-01-05', 447, 'chiron', NULL, '2018-01-04');
INSERT INTO `orders` VALUES ('202107080007000649', '已退房', '652111199309214217', '000033', '2018-01-03', '2018-01-06', 236, 'lx', NULL, '2018-01-03');
INSERT INTO `orders` VALUES ('202107080007000650', '已退房', '117374199701255385', '000059', '2018-01-03', '2018-01-05', 504, 'lx', NULL, '2018-01-03');
INSERT INTO `orders` VALUES ('202107080007000651', '已退房', '75156219920615966X', '000011', '2018-01-04', '2018-01-06', 509, 'lx', NULL, '2018-01-04');
INSERT INTO `orders` VALUES ('202107080007000652', '已退房', '798214199109103150', '000048', '2018-01-02', '2018-01-03', 290, 'lqq', NULL, '2018-01-02');
INSERT INTO `orders` VALUES ('202107080007000653', '已退房', '74327219990920737X', '000006', '2018-01-04', '2018-01-06', 364, 'lqq', NULL, '2018-01-04');
INSERT INTO `orders` VALUES ('202107080007000654', '已退房', '356489198708077322', '000007', '2018-01-02', '2018-01-05', 271, 'lx', NULL, '2018-01-02');
INSERT INTO `orders` VALUES ('202107080007000655', '已退房', '424115199004214958', '000005', '2018-01-03', '2018-01-06', 200, 'lx', NULL, '2018-01-03');
INSERT INTO `orders` VALUES ('202107080007000656', '已退房', '585289199407138123', '000019', '2018-01-04', '2018-01-06', 136, 'chiron', NULL, '2018-01-04');
INSERT INTO `orders` VALUES ('202107080007000657', '已退房', '624123198001062760', '000020', '2018-01-04', '2018-01-06', 450, 'lqq', NULL, '2018-01-04');
INSERT INTO `orders` VALUES ('202107080007000658', '已退房', '159826199803161799', '000054', '2018-01-03', '2018-01-06', 234, 'chiron', NULL, '2018-01-03');
INSERT INTO `orders` VALUES ('202107080007000659', '已退房', '971632199109266832', '000060', '2018-01-04', '2018-01-05', 539, 'chiron', NULL, '2018-01-04');
INSERT INTO `orders` VALUES ('202107080007000660', '已退房', '725119198605272953', '000077', '2018-01-04', '2018-01-07', 599, 'lqq', NULL, '2018-01-04');
INSERT INTO `orders` VALUES ('202107080007000661', '已退房', '25823619980504621X', '000096', '2018-01-04', '2018-01-05', 500, 'lqq', NULL, '2018-01-04');
INSERT INTO `orders` VALUES ('202107080007000662', '已退房', '416247198803164768', '000023', '2018-01-04', '2018-01-07', 195, 'lqq', NULL, '2018-01-04');
INSERT INTO `orders` VALUES ('202107080007000663', '已退房', '395681199507088050', '000049', '2018-01-03', '2018-01-05', 279, 'lx', NULL, '2018-01-03');
INSERT INTO `orders` VALUES ('202107080007000664', '已退房', '133112198903048902', '000045', '2018-01-04', '2018-01-05', 541, 'chiron', NULL, '2018-01-04');
INSERT INTO `orders` VALUES ('202107080007000665', '已退房', '859911198502203256', '000021', '2018-01-04', '2018-01-05', 267, 'lqq', NULL, '2018-01-04');
INSERT INTO `orders` VALUES ('202107080007000666', '已退房', '582923199602250699', '000098', '2018-01-05', '2018-01-07', 205, 'lx', NULL, '2018-01-05');
INSERT INTO `orders` VALUES ('202107080007000667', '已退房', '364133198304251170', '000041', '2018-01-04', '2018-01-05', 403, 'lqq', NULL, '2018-01-04');
INSERT INTO `orders` VALUES ('202107080007000668', '已退房', '651562198006075842', '000070', '2018-01-04', '2018-01-06', 146, 'lx', NULL, '2018-01-04');
INSERT INTO `orders` VALUES ('202107080007000669', '已退房', '914867198403029481', '000090', '2018-01-03', '2018-01-04', 504, 'lqq', NULL, '2018-01-03');
INSERT INTO `orders` VALUES ('202107080007000670', '已退房', '366584198802162596', '000094', '2018-01-04', '2018-01-06', 214, 'lx', NULL, '2018-01-04');
INSERT INTO `orders` VALUES ('202107080007000671', '已退房', '88638319920818998X', '000094', '2018-01-05', '2018-01-07', 355, 'lqq', NULL, '2018-01-05');
INSERT INTO `orders` VALUES ('202107080007000672', '已退房', '89731219940815499X', '000082', '2018-01-05', '2018-01-08', 381, 'lqq', NULL, '2018-01-05');
INSERT INTO `orders` VALUES ('202107080007000673', '已退房', '518752199003076717', '000089', '2018-01-04', '2018-01-07', 200, 'lx', NULL, '2018-01-04');
INSERT INTO `orders` VALUES ('202107080007000674', '已退房', '625136199701177208', '000100', '2018-01-04', '2018-01-07', 448, 'lqq', NULL, '2018-01-04');
INSERT INTO `orders` VALUES ('202107080007000675', '已退房', '287642198704248989', '000047', '2018-01-04', '2018-01-07', 185, 'lx', NULL, '2018-01-04');
INSERT INTO `orders` VALUES ('202107080007000676', '已退房', '447755199609215750', '000025', '2018-01-04', '2018-01-06', 327, 'lx', NULL, '2018-01-04');
INSERT INTO `orders` VALUES ('202107080007000677', '已退房', '814316198802082940', '000054', '2018-01-05', '2018-01-08', 573, 'lx', NULL, '2018-01-05');
INSERT INTO `orders` VALUES ('202107080007000678', '已退房', '888388199001119574', '000027', '2018-01-05', '2018-01-07', 460, 'lqq', NULL, '2018-01-05');
INSERT INTO `orders` VALUES ('202107080007000679', '已退房', '98166319850320923X', '000090', '2018-01-05', '2018-01-06', 244, 'lx', NULL, '2018-01-05');
INSERT INTO `orders` VALUES ('202107080007000680', '已退房', '349462199707202553', '000096', '2018-01-05', '2018-01-07', 280, 'chiron', NULL, '2018-01-05');
INSERT INTO `orders` VALUES ('202107080007000681', '已退房', '581642199001220373', '000065', '2018-01-04', '2018-01-06', 500, 'lqq', NULL, '2018-01-04');
INSERT INTO `orders` VALUES ('202107080007000682', '已退房', '718266199409200421', '000094', '2018-01-05', '2018-01-06', 337, 'lx', NULL, '2018-01-05');
INSERT INTO `orders` VALUES ('202107080007000683', '已退房', '836981198803176784', '000089', '2018-01-05', '2018-01-06', 566, 'chiron', NULL, '2018-01-05');
INSERT INTO `orders` VALUES ('202107080007000684', '已退房', '754685199508056175', '000054', '2018-01-05', '2018-01-06', 255, 'lqq', NULL, '2018-01-05');
INSERT INTO `orders` VALUES ('202107080007000685', '已退房', '329412199806050631', '000017', '2018-01-05', '2018-01-07', 531, 'lx', NULL, '2018-01-05');
INSERT INTO `orders` VALUES ('202107080007000686', '已退房', '221484199601022814', '000037', '2018-01-05', '2018-01-06', 344, 'lx', NULL, '2018-01-05');
INSERT INTO `orders` VALUES ('202107080007000687', '已退房', '318672198606279247', '000020', '2018-01-04', '2018-01-07', 458, 'lx', NULL, '2018-01-04');
INSERT INTO `orders` VALUES ('202107080007000688', '已退房', '389574199006033484', '000037', '2018-01-05', '2018-01-06', 320, 'chiron', NULL, '2018-01-05');
INSERT INTO `orders` VALUES ('202107080007000689', '已退房', '411291198708220873', '000080', '2018-01-05', '2018-01-08', 433, 'lqq', NULL, '2018-01-05');
INSERT INTO `orders` VALUES ('202107080007000690', '已退房', '476433198901226989', '000098', '2018-01-05', '2018-01-08', 209, 'lqq', NULL, '2018-01-05');
INSERT INTO `orders` VALUES ('202107080007000691', '已退房', '166344199806272747', '000075', '2018-01-05', '2018-01-06', 184, 'chiron', NULL, '2018-01-05');
INSERT INTO `orders` VALUES ('202107080007000692', '已退房', '675497198402071757', '000045', '2018-01-04', '2018-01-06', 280, 'lqq', NULL, '2018-01-04');
INSERT INTO `orders` VALUES ('202107080007000693', '已退房', '395555199604039105', '000030', '2018-01-05', '2018-01-07', 142, 'lx', NULL, '2018-01-05');
INSERT INTO `orders` VALUES ('202107080007000694', '已退房', '893642199403192947', '000097', '2018-01-04', '2018-01-05', 244, 'lx', NULL, '2018-01-04');
INSERT INTO `orders` VALUES ('202107080007000695', '已退房', '228211199007024910', '000001', '2018-01-05', '2018-01-07', 106, 'lx', NULL, '2018-01-05');
INSERT INTO `orders` VALUES ('202107080007000696', '已退房', '898939199807145760', '000084', '2018-01-05', '2018-01-07', 572, 'chiron', NULL, '2018-01-05');
INSERT INTO `orders` VALUES ('202107080007000697', '已退房', '669742199402273110', '000034', '2018-01-06', '2018-01-09', 303, 'lqq', NULL, '2018-01-06');
INSERT INTO `orders` VALUES ('202107080007000698', '已退房', '225432199508199460', '000068', '2018-01-06', '2018-01-07', 516, 'lx', NULL, '2018-01-06');
INSERT INTO `orders` VALUES ('202107080007000699', '已退房', '21392719940417136X', '000039', '2018-01-06', '2018-01-08', 397, 'chiron', NULL, '2018-01-06');
INSERT INTO `orders` VALUES ('202107080007000700', '已退房', '148785198107261750', '000039', '2018-01-06', '2018-01-09', 227, 'lx', NULL, '2018-01-06');
INSERT INTO `orders` VALUES ('202107080007000701', '已退房', '775392198106073025', '000063', '2018-01-05', '2018-01-06', 586, 'lqq', NULL, '2018-01-05');
INSERT INTO `orders` VALUES ('202107080007000702', '已退房', '665394199306090681', '000064', '2018-01-05', '2018-01-07', 395, 'lx', NULL, '2018-01-05');
INSERT INTO `orders` VALUES ('202107080007000703', '已退房', '125812199907168058', '000100', '2018-01-05', '2018-01-06', 482, 'lx', NULL, '2018-01-05');
INSERT INTO `orders` VALUES ('202107080007000704', '已退房', '141651199906037375', '000059', '2018-01-06', '2018-01-08', 259, 'lx', NULL, '2018-01-06');
INSERT INTO `orders` VALUES ('202107080007000705', '已退房', '295134198509236408', '000049', '2018-01-05', '2018-01-07', 428, 'lx', NULL, '2018-01-05');
INSERT INTO `orders` VALUES ('202107080007000706', '已退房', '156658198804042508', '000051', '2018-01-05', '2018-01-08', 413, 'chiron', NULL, '2018-01-05');
INSERT INTO `orders` VALUES ('202107080007000707', '已退房', '77337919890206475X', '000010', '2018-01-06', '2018-01-09', 345, 'chiron', NULL, '2018-01-06');
INSERT INTO `orders` VALUES ('202107080007000708', '已退房', '416772199203042570', '000025', '2018-01-06', '2018-01-07', 537, 'lx', NULL, '2018-01-06');
INSERT INTO `orders` VALUES ('202107080007000709', '已退房', '98686819850718900X', '000007', '2018-01-06', '2018-01-07', 291, 'lx', NULL, '2018-01-06');
INSERT INTO `orders` VALUES ('202107080007000710', '已退房', '959538199409068375', '000028', '2018-01-05', '2018-01-06', 173, 'lx', NULL, '2018-01-05');
INSERT INTO `orders` VALUES ('202107080007000711', '已退房', '852528198405033223', '000077', '2018-01-06', '2018-01-08', 185, 'lx', NULL, '2018-01-06');
INSERT INTO `orders` VALUES ('202107080007000712', '已退房', '841851198805183324', '000092', '2018-01-06', '2018-01-08', 235, 'lx', NULL, '2018-01-06');
INSERT INTO `orders` VALUES ('202107080007000713', '已退房', '96865819800610800X', '000034', '2018-01-05', '2018-01-07', 338, 'lqq', NULL, '2018-01-05');
INSERT INTO `orders` VALUES ('202107080007000714', '已退房', '549496198505251409', '000067', '2018-01-06', '2018-01-07', 596, 'lqq', NULL, '2018-01-06');
INSERT INTO `orders` VALUES ('202107080007000715', '已退房', '778665199604260151', '000084', '2018-01-06', '2018-01-07', 357, 'lx', NULL, '2018-01-06');
INSERT INTO `orders` VALUES ('202107080007000716', '已退房', '82953519970720068X', '000045', '2018-01-06', '2018-01-07', 476, 'chiron', NULL, '2018-01-06');
INSERT INTO `orders` VALUES ('202107080007000717', '已退房', '839925198601148533', '000030', '2018-01-06', '2018-01-08', 226, 'lqq', NULL, '2018-01-06');
INSERT INTO `orders` VALUES ('202107080007000718', '已退房', '743975199502090066', '000056', '2018-01-06', '2018-01-08', 363, 'lx', NULL, '2018-01-06');
INSERT INTO `orders` VALUES ('202107080007000719', '已退房', '756168199305011231', '000078', '2018-01-05', '2018-01-06', 323, 'chiron', NULL, '2018-01-05');
INSERT INTO `orders` VALUES ('202107080007000720', '已退房', '772497198407257447', '000059', '2018-01-07', '2018-01-08', 168, 'lqq', NULL, '2018-01-07');
INSERT INTO `orders` VALUES ('202107080007000721', '已退房', '737769198006162867', '000098', '2018-01-05', '2018-01-07', 104, 'lx', NULL, '2018-01-05');
INSERT INTO `orders` VALUES ('202107080007000722', '已退房', '319127198805263186', '000036', '2018-01-06', '2018-01-08', 567, 'lx', NULL, '2018-01-06');
INSERT INTO `orders` VALUES ('202107080007000723', '已退房', '33366819980510932X', '000038', '2018-01-06', '2018-01-08', 338, 'lqq', NULL, '2018-01-06');
INSERT INTO `orders` VALUES ('202107080007000724', '已退房', '338711199008052588', '000075', '2018-01-06', '2018-01-08', 266, 'lqq', NULL, '2018-01-06');
INSERT INTO `orders` VALUES ('202107080007000725', '已退房', '712384199703137390', '000083', '2018-01-06', '2018-01-07', 232, 'lx', NULL, '2018-01-06');
INSERT INTO `orders` VALUES ('202107080007000726', '已退房', '369842198709161789', '000053', '2018-01-06', '2018-01-09', 335, 'chiron', NULL, '2018-01-06');
INSERT INTO `orders` VALUES ('202107080007000727', '已退房', '648323199501231914', '000046', '2018-01-06', '2018-01-07', 318, 'chiron', NULL, '2018-01-06');
INSERT INTO `orders` VALUES ('202107080007000728', '已退房', '812185198402037809', '000039', '2018-01-06', '2018-01-09', 463, 'lx', NULL, '2018-01-06');
INSERT INTO `orders` VALUES ('202107080007000729', '已退房', '231265198701172198', '000041', '2018-01-07', '2018-01-09', 486, 'lx', NULL, '2018-01-07');
INSERT INTO `orders` VALUES ('202107080007000730', '已退房', '474424199005126644', '000098', '2018-01-06', '2018-01-09', 144, 'lqq', NULL, '2018-01-06');
INSERT INTO `orders` VALUES ('202107080007000731', '已退房', '892299198908198392', '000084', '2018-01-07', '2018-01-09', 153, 'chiron', NULL, '2018-01-07');
INSERT INTO `orders` VALUES ('202107080007000732', '已退房', '177476199309200864', '000027', '2018-01-06', '2018-01-09', 277, 'lx', NULL, '2018-01-06');
INSERT INTO `orders` VALUES ('202107080007000733', '已退房', '479776198201231591', '000039', '2018-01-07', '2018-01-09', 505, 'lqq', NULL, '2018-01-07');
INSERT INTO `orders` VALUES ('202107080007000734', '已退房', '836724199106251976', '000050', '2018-01-07', '2018-01-09', 571, 'lx', NULL, '2018-01-07');
INSERT INTO `orders` VALUES ('202107080007000735', '已退房', '862782199406068263', '000030', '2018-01-07', '2018-01-09', 264, 'chiron', NULL, '2018-01-07');
INSERT INTO `orders` VALUES ('202107080007000736', '已退房', '869234199107172923', '000044', '2018-01-07', '2018-01-08', 436, 'lx', NULL, '2018-01-07');
INSERT INTO `orders` VALUES ('202107080007000737', '已退房', '528913199605252579', '000002', '2018-01-07', '2018-01-09', 490, 'lqq', NULL, '2018-01-07');
INSERT INTO `orders` VALUES ('202107080007000738', '已退房', '119321199006213385', '000014', '2018-01-07', '2018-01-09', 488, 'chiron', NULL, '2018-01-07');
INSERT INTO `orders` VALUES ('202107080007000739', '已退房', '822474199108153511', '000090', '2018-01-07', '2018-01-09', 283, 'chiron', NULL, '2018-01-07');
INSERT INTO `orders` VALUES ('202107080007000740', '已退房', '872164198003274558', '000072', '2018-01-07', '2018-01-08', 213, 'lx', NULL, '2018-01-07');
INSERT INTO `orders` VALUES ('202107080007000741', '已退房', '798422199103105420', '000043', '2018-01-07', '2018-01-09', 246, 'chiron', NULL, '2018-01-07');
INSERT INTO `orders` VALUES ('202107080007000742', '已退房', '97444419880707243X', '000042', '2018-01-07', '2018-01-08', 237, 'chiron', NULL, '2018-01-07');
INSERT INTO `orders` VALUES ('202107080007000743', '已退房', '184214199908127100', '000053', '2018-01-07', '2018-01-08', 359, 'chiron', NULL, '2018-01-07');
INSERT INTO `orders` VALUES ('202107080007000744', '已退房', '726415198505219380', '000038', '2018-01-07', '2018-01-09', 190, 'lx', NULL, '2018-01-07');
INSERT INTO `orders` VALUES ('202107080007000745', '已退房', '324829199907267893', '000042', '2018-01-07', '2018-01-09', 337, 'chiron', NULL, '2018-01-07');
INSERT INTO `orders` VALUES ('202107080007000746', '已退房', '127141199105112525', '000034', '2018-01-08', '2018-01-09', 193, 'chiron', NULL, '2018-01-08');
INSERT INTO `orders` VALUES ('202107080007000747', '已退房', '916412199804191227', '000011', '2018-01-07', '2018-01-08', 181, 'lx', NULL, '2018-01-07');
INSERT INTO `orders` VALUES ('202107080007000748', '已退房', '397372198205083822', '000042', '2018-01-07', '2018-01-08', 197, 'lx', NULL, '2018-01-07');
INSERT INTO `orders` VALUES ('202107080007000749', '已退房', '793535198307085431', '000088', '2018-01-07', '2018-01-08', 529, 'chiron', NULL, '2018-01-07');
INSERT INTO `orders` VALUES ('202107080007000750', '已退房', '919417199204034791', '000019', '2018-01-07', '2018-01-09', 149, 'lqq', NULL, '2018-01-07');
INSERT INTO `orders` VALUES ('202107080007000751', '已退房', '944995198109165067', '000071', '2018-01-08', '2018-01-09', 449, 'lx', NULL, '2018-01-08');
INSERT INTO `orders` VALUES ('202107080007000752', '已退房', '835245199807270444', '000030', '2018-01-08', '2018-01-09', 142, 'lx', NULL, '2018-01-08');
INSERT INTO `orders` VALUES ('202107080007000753', '已退房', '625938199308101115', '000033', '2018-01-07', '2018-01-09', 596, 'lx', NULL, '2018-01-07');
INSERT INTO `orders` VALUES ('202107080007000754', '已退房', '848421198109243561', '000066', '2018-01-08', '2018-01-09', 339, 'lx', NULL, '2018-01-08');
INSERT INTO `orders` VALUES ('202107080007000755', '已退房', '887699198009258819', '000051', '2018-01-08', '2018-01-09', 379, 'lx', NULL, '2018-01-08');
INSERT INTO `orders` VALUES ('202107080007000756', '已退房', '712654198809164964', '000085', '2018-01-07', '2018-01-08', 479, 'lx', NULL, '2018-01-07');
INSERT INTO `orders` VALUES ('202107080007000757', '已退房', '693658199406275899', '000015', '2018-01-07', '2018-01-09', 305, 'lx', NULL, '2018-01-07');
INSERT INTO `orders` VALUES ('202107080007000758', '已退房', '583136198303013823', '000048', '2018-01-08', '2018-01-09', 537, 'lx', NULL, '2018-01-08');
INSERT INTO `orders` VALUES ('202107080007000759', '已退房', '976797199203129031', '000052', '2018-01-08', '2018-01-09', 585, 'chiron', NULL, '2018-01-08');
INSERT INTO `orders` VALUES ('202107080007000760', '已退房', '846864198005192624', '000068', '2018-01-08', '2018-01-09', 431, 'lqq', NULL, '2018-01-08');
INSERT INTO `orders` VALUES ('202107080007000761', '已退房', '272775198003019581', '000088', '2018-01-08', '2018-01-09', 331, 'chiron', NULL, '2018-01-08');
INSERT INTO `orders` VALUES ('202107080007000762', '已退房', '623294199409171543', '000018', '2018-01-07', '2018-01-09', 506, 'chiron', NULL, '2018-01-07');
INSERT INTO `orders` VALUES ('202107080007000763', '已退房', '168835198309195822', '000070', '2018-01-08', '2018-01-09', 336, 'lqq', NULL, '2018-01-08');
INSERT INTO `orders` VALUES ('202107080007000764', '已退房', '31387719940519539X', '000001', '2018-01-08', '2018-01-09', 289, 'lx', NULL, '2018-01-08');
INSERT INTO `orders` VALUES ('202107080007000765', '已退房', '81121319940325604X', '000031', '2018-01-08', '2018-01-09', 404, 'lx', NULL, '2018-01-08');
INSERT INTO `orders` VALUES ('202107080007000766', '已退房', '866773198005056416', '000076', '2018-01-08', '2018-01-09', 319, 'lqq', NULL, '2018-01-08');
INSERT INTO `orders` VALUES ('202107080007000767', '已退房', '192987199001238263', '000022', '2018-01-08', '2018-01-09', 336, 'chiron', NULL, '2018-01-08');
INSERT INTO `orders` VALUES ('202107080007000768', '已退房', '721816199401038532', '000015', '2018-01-08', '2018-01-09', 151, 'chiron', NULL, '2018-01-08');
INSERT INTO `orders` VALUES ('202107080007000769', '已退房', '64828119920706501X', '000063', '2018-01-08', '2018-01-09', 239, 'lx', NULL, '2018-01-08');
INSERT INTO `orders` VALUES ('202107080007000770', '已退房', '641216198701051627', '000003', '2018-01-08', '2018-01-09', 241, 'lx', NULL, '2018-01-08');
INSERT INTO `orders` VALUES ('202107080007000771', '已退房', '522542199702225104', '000024', '2018-01-08', '2018-01-09', 209, 'lqq', NULL, '2018-01-08');
INSERT INTO `orders` VALUES ('202107080007000772', '已退房', '863397198905161402', '000033', '2018-01-08', '2018-01-09', 369, 'lqq', NULL, '2018-01-08');
INSERT INTO `orders` VALUES ('202107080007000773', '已退房', '187646199605056662', '000048', '2018-01-08', '2018-01-09', 333, 'lqq', NULL, '2018-01-08');
INSERT INTO `orders` VALUES ('202107080007000774', '已退房', '121217199707056428', '000072', '2018-01-08', '2018-01-09', 138, 'lx', NULL, '2018-01-08');
INSERT INTO `orders` VALUES ('202107080007000775', '已退房', '253684198606054659', '000046', '2018-01-08', '2018-01-09', 180, 'lqq', NULL, '2018-01-08');
INSERT INTO `orders` VALUES ('202107080007000776', '已退房', '738471199707159784', '000091', '2018-01-08', '2018-01-09', 163, 'lx', NULL, '2018-01-08');
INSERT INTO `orders` VALUES ('202107080007000777', '已退房', '386873198103244120', '000091', '2018-01-08', '2018-01-09', 478, 'lx', NULL, '2018-01-08');
INSERT INTO `orders` VALUES ('202107080007000778', '已退房', '321496199202037831', '000014', '2018-01-08', '2018-01-09', 124, 'lqq', NULL, '2018-01-08');
INSERT INTO `orders` VALUES ('202107080007000779', '已退房', '743568198009201228', '000097', '2018-01-08', '2018-01-09', 254, 'lqq', NULL, '2018-01-08');
INSERT INTO `orders` VALUES ('202107080007000780', '已退房', '839355199804229536', '000076', '2018-01-08', '2018-01-09', 156, 'lx', NULL, '2018-01-08');
INSERT INTO `orders` VALUES ('202107080007000781', '已退房', '364999199809091603', '000039', '2018-01-08', '2018-01-09', 273, 'lx', NULL, '2018-01-08');
INSERT INTO `orders` VALUES ('202107080007000782', '已退房', '575947198207013180', '000007', '2018-01-08', '2018-01-09', 213, 'lx', NULL, '2018-01-08');
INSERT INTO `orders` VALUES ('202107080007000783', '已入住', '781984199001098002', '000001', '2018-01-09', '2018-01-12', 257, 'chiron', NULL, '2018-01-09');
INSERT INTO `orders` VALUES ('202107080007000784', '已入住', '223312199601190492', '000026', '2018-01-09', '2018-01-12', 280, 'chiron', NULL, '2018-01-09');
INSERT INTO `orders` VALUES ('202107080007000785', '已入住', '344712198203115337', '000074', '2018-01-09', '2018-01-12', 497, 'lx', NULL, '2018-01-09');
INSERT INTO `orders` VALUES ('202107080007000786', '已入住', '963775198309271979', '000007', '2018-01-09', '2018-01-11', 124, 'chiron', NULL, '2018-01-09');
INSERT INTO `orders` VALUES ('202107080007000787', '已入住', '724694199203111242', '000031', '2018-01-09', '2018-01-11', 472, 'lx', NULL, '2018-01-09');
INSERT INTO `orders` VALUES ('202107080007000788', '已入住', '635295199805015745', '000042', '2018-01-09', '2018-01-12', 491, 'lqq', NULL, '2018-01-09');
INSERT INTO `orders` VALUES ('202107080007000789', '已入住', '475192198409272871', '000049', '2018-01-09', '2018-01-11', 354, 'lx', NULL, '2018-01-09');
INSERT INTO `orders` VALUES ('202107080007000790', '已入住', '894362199407043367', '000090', '2018-01-09', '2018-01-12', 434, 'chiron', NULL, '2018-01-09');
INSERT INTO `orders` VALUES ('202107080007000791', '已入住', '887247199705256450', '000051', '2018-01-09', '2018-01-11', 411, 'lx', NULL, '2018-01-09');
INSERT INTO `orders` VALUES ('202107080007000792', '已入住', '122883198408091429', '000052', '2018-01-09', '2018-01-12', 157, 'lx', NULL, '2018-01-09');
INSERT INTO `orders` VALUES ('202107080007000793', '已入住', '813572199901043467', '000083', '2018-01-09', '2018-01-10', 489, 'lx', NULL, '2018-01-09');
INSERT INTO `orders` VALUES ('202107080007000794', '已入住', '43728219900811310X', '000099', '2018-01-09', '2018-01-10', 408, 'lx', NULL, '2018-01-09');
INSERT INTO `orders` VALUES ('202107080007000795', '已入住', '217325198108101264', '000002', '2018-01-09', '2018-01-11', 565, 'lx', NULL, '2018-01-09');
INSERT INTO `orders` VALUES ('202107080007000796', '已入住', '558439199502113893', '000081', '2018-01-09', '2018-01-10', 473, 'lx', NULL, '2018-01-09');
INSERT INTO `orders` VALUES ('202107080007000797', '已入住', '845963199004072367', '000091', '2018-01-09', '2018-01-12', 210, 'lqq', NULL, '2018-01-09');
INSERT INTO `orders` VALUES ('202107080007000798', '已入住', '165113199008108487', '000054', '2018-01-09', '2018-01-11', 167, 'lqq', NULL, '2018-01-09');
INSERT INTO `orders` VALUES ('202107080007000799', '已入住', '868545199805272854', '000013', '2018-01-09', '2018-01-12', 336, 'lx', NULL, '2018-01-09');
INSERT INTO `orders` VALUES ('202107080007000800', '已退房', '985721198403159250', '000085', '2017-12-04', '2017-12-07', 200, 'lx', NULL, '2017-12-04');
INSERT INTO `orders` VALUES ('2021070800July0001', '已退房', '985721198403159250', '000085', '2017-12-04', '2017-12-07', 200, 'lx', NULL, '2017-12-04');

-- ----------------------------
-- Table structure for ordertracking
-- ----------------------------
DROP TABLE IF EXISTS `ordertracking`;
CREATE TABLE `ordertracking`  (
  `orderNumber` char(32) CHARACTER SET utf8 COLLATE utf8_bin NOT NULL,
  `orderTime` date NOT NULL,
  `checkInTime` date NULL DEFAULT NULL,
  `checkOutTime` date NULL DEFAULT NULL,
  `remarks` varchar(32) CHARACTER SET utf8 COLLATE utf8_bin NULL DEFAULT NULL,
  PRIMARY KEY (`orderNumber`) USING BTREE,
  CONSTRAINT `ordertracking_ibfk_1` FOREIGN KEY (`orderNumber`) REFERENCES `orders` (`orderNumber`) ON DELETE RESTRICT ON UPDATE RESTRICT
) ENGINE = InnoDB CHARACTER SET = utf8 COLLATE = utf8_bin ROW_FORMAT = Dynamic;

-- ----------------------------
-- Records of ordertracking
-- ----------------------------
INSERT INTO `ordertracking` VALUES ('202107080007000000000001', '2017-12-04', '2017-12-04', '2017-12-07', NULL);
INSERT INTO `ordertracking` VALUES ('202107080007000003', '2017-12-04', '2017-12-04', '2017-12-07', NULL);
INSERT INTO `ordertracking` VALUES ('202107080007000004', '2017-12-07', '2017-12-07', '2017-12-09', NULL);
INSERT INTO `ordertracking` VALUES ('202107080007000005', '2017-12-01', '2017-12-01', '2017-12-02', NULL);
INSERT INTO `ordertracking` VALUES ('202107080007000006', '2017-12-10', '2017-12-10', '2017-12-13', NULL);
INSERT INTO `ordertracking` VALUES ('202107080007000007', '2017-12-07', '2017-12-07', '2017-12-08', NULL);
INSERT INTO `ordertracking` VALUES ('202107080007000008', '2017-12-09', '2017-12-09', '2017-12-11', NULL);
INSERT INTO `ordertracking` VALUES ('202107080007000009', '2017-12-13', '2017-12-13', '2017-12-16', NULL);
INSERT INTO `ordertracking` VALUES ('202107080007000010', '2017-12-13', '2017-12-13', '2017-12-15', NULL);
INSERT INTO `ordertracking` VALUES ('202107080007000011', '2017-12-05', '2017-12-05', '2017-12-06', NULL);
INSERT INTO `ordertracking` VALUES ('202107080007000012', '2017-12-08', '2017-12-08', '2017-12-10', NULL);
INSERT INTO `ordertracking` VALUES ('202107080007000013', '2017-12-11', '2017-12-11', '2017-12-14', NULL);
INSERT INTO `ordertracking` VALUES ('202107080007000014', '2017-12-13', '2017-12-13', '2017-12-16', NULL);
INSERT INTO `ordertracking` VALUES ('202107080007000015', '2017-12-03', '2017-12-03', '2017-12-06', NULL);
INSERT INTO `ordertracking` VALUES ('202107080007000016', '2017-12-08', '2017-12-08', '2017-12-11', NULL);
INSERT INTO `ordertracking` VALUES ('202107080007000017', '2017-12-06', '2017-12-06', '2017-12-09', NULL);
INSERT INTO `ordertracking` VALUES ('202107080007000018', '2017-12-05', '2017-12-05', '2017-12-07', NULL);
INSERT INTO `ordertracking` VALUES ('202107080007000019', '2017-12-05', '2017-12-05', '2017-12-06', NULL);
INSERT INTO `ordertracking` VALUES ('202107080007000020', '2017-12-10', '2017-12-10', '2017-12-12', NULL);
INSERT INTO `ordertracking` VALUES ('202107080007000021', '2017-12-07', '2017-12-07', '2017-12-10', NULL);
INSERT INTO `ordertracking` VALUES ('202107080007000022', '2017-12-12', '2017-12-12', '2017-12-15', NULL);
INSERT INTO `ordertracking` VALUES ('202107080007000023', '2017-12-11', '2017-12-11', '2017-12-12', NULL);
INSERT INTO `ordertracking` VALUES ('202107080007000024', '2017-12-03', '2017-12-03', '2017-12-06', NULL);
INSERT INTO `ordertracking` VALUES ('202107080007000025', '2017-12-08', '2017-12-08', '2017-12-10', NULL);
INSERT INTO `ordertracking` VALUES ('202107080007000026', '2017-12-04', '2017-12-04', '2017-12-05', NULL);
INSERT INTO `ordertracking` VALUES ('202107080007000027', '2017-12-05', '2017-12-05', '2017-12-06', NULL);
INSERT INTO `ordertracking` VALUES ('202107080007000028', '2017-12-10', '2017-12-10', '2017-12-12', NULL);
INSERT INTO `ordertracking` VALUES ('202107080007000029', '2017-12-11', '2017-12-11', '2017-12-14', NULL);
INSERT INTO `ordertracking` VALUES ('202107080007000030', '2017-12-05', '2017-12-05', '2017-12-07', NULL);
INSERT INTO `ordertracking` VALUES ('202107080007000031', '2017-12-05', '2017-12-05', '2017-12-07', NULL);
INSERT INTO `ordertracking` VALUES ('202107080007000032', '2017-12-13', '2017-12-13', '2017-12-15', NULL);
INSERT INTO `ordertracking` VALUES ('202107080007000033', '2017-12-10', '2017-12-10', '2017-12-12', NULL);
INSERT INTO `ordertracking` VALUES ('202107080007000034', '2017-12-13', '2017-12-13', '2017-12-16', NULL);
INSERT INTO `ordertracking` VALUES ('202107080007000035', '2017-12-07', '2017-12-07', '2017-12-10', NULL);
INSERT INTO `ordertracking` VALUES ('202107080007000036', '2017-12-14', '2017-12-14', '2017-12-17', NULL);
INSERT INTO `ordertracking` VALUES ('202107080007000037', '2017-12-10', '2017-12-10', '2017-12-13', NULL);
INSERT INTO `ordertracking` VALUES ('202107080007000038', '2017-12-11', '2017-12-11', '2017-12-13', NULL);
INSERT INTO `ordertracking` VALUES ('202107080007000039', '2017-12-12', '2017-12-12', '2017-12-15', NULL);
INSERT INTO `ordertracking` VALUES ('202107080007000040', '2017-12-07', '2017-12-07', '2017-12-09', NULL);
INSERT INTO `ordertracking` VALUES ('202107080007000041', '2017-12-13', '2017-12-13', '2017-12-16', NULL);
INSERT INTO `ordertracking` VALUES ('202107080007000042', '2017-12-14', '2017-12-14', '2017-12-17', NULL);
INSERT INTO `ordertracking` VALUES ('202107080007000043', '2017-12-13', '2017-12-13', '2017-12-16', NULL);
INSERT INTO `ordertracking` VALUES ('202107080007000044', '2017-12-14', '2017-12-14', '2017-12-17', NULL);
INSERT INTO `ordertracking` VALUES ('202107080007000045', '2017-12-13', '2017-12-13', '2017-12-14', NULL);
INSERT INTO `ordertracking` VALUES ('202107080007000046', '2017-12-13', '2017-12-13', '2017-12-15', NULL);
INSERT INTO `ordertracking` VALUES ('202107080007000047', '2017-12-09', '2017-12-09', '2017-12-11', NULL);
INSERT INTO `ordertracking` VALUES ('202107080007000048', '2017-12-06', '2017-12-06', '2017-12-08', NULL);
INSERT INTO `ordertracking` VALUES ('202107080007000049', '2017-12-08', '2017-12-08', '2017-12-11', NULL);
INSERT INTO `ordertracking` VALUES ('202107080007000050', '2017-12-10', '2017-12-10', '2017-12-13', NULL);
INSERT INTO `ordertracking` VALUES ('202107080007000051', '2017-12-10', '2017-12-10', '2017-12-11', NULL);
INSERT INTO `ordertracking` VALUES ('202107080007000052', '2017-12-13', '2017-12-13', '2017-12-14', NULL);
INSERT INTO `ordertracking` VALUES ('202107080007000053', '2017-12-06', '2017-12-06', '2017-12-07', NULL);
INSERT INTO `ordertracking` VALUES ('202107080007000054', '2017-12-12', '2017-12-12', '2017-12-15', NULL);
INSERT INTO `ordertracking` VALUES ('202107080007000055', '2017-12-13', '2017-12-13', '2017-12-14', NULL);
INSERT INTO `ordertracking` VALUES ('202107080007000056', '2017-12-14', '2017-12-14', '2017-12-16', NULL);
INSERT INTO `ordertracking` VALUES ('202107080007000057', '2017-12-09', '2017-12-09', '2017-12-10', NULL);
INSERT INTO `ordertracking` VALUES ('202107080007000058', '2017-12-12', '2017-12-12', '2017-12-13', NULL);
INSERT INTO `ordertracking` VALUES ('202107080007000059', '2017-12-07', '2017-12-07', '2017-12-08', NULL);
INSERT INTO `ordertracking` VALUES ('202107080007000060', '2017-12-05', '2017-12-05', '2017-12-08', NULL);
INSERT INTO `ordertracking` VALUES ('202107080007000061', '2017-12-05', '2017-12-05', '2017-12-06', NULL);
INSERT INTO `ordertracking` VALUES ('202107080007000062', '2017-12-14', '2017-12-14', '2017-12-16', NULL);
INSERT INTO `ordertracking` VALUES ('202107080007000063', '2017-12-07', '2017-12-07', '2017-12-09', NULL);
INSERT INTO `ordertracking` VALUES ('202107080007000064', '2017-12-10', '2017-12-10', '2017-12-12', NULL);
INSERT INTO `ordertracking` VALUES ('202107080007000065', '2017-12-07', '2017-12-07', '2017-12-08', NULL);
INSERT INTO `ordertracking` VALUES ('202107080007000066', '2017-12-05', '2017-12-05', '2017-12-06', NULL);
INSERT INTO `ordertracking` VALUES ('202107080007000067', '2017-12-04', '2017-12-04', '2017-12-05', NULL);
INSERT INTO `ordertracking` VALUES ('202107080007000068', '2017-12-06', '2017-12-06', '2017-12-07', NULL);
INSERT INTO `ordertracking` VALUES ('202107080007000069', '2017-12-06', '2017-12-06', '2017-12-08', NULL);
INSERT INTO `ordertracking` VALUES ('202107080007000070', '2017-12-07', '2017-12-07', '2017-12-08', NULL);
INSERT INTO `ordertracking` VALUES ('202107080007000071', '2017-12-09', '2017-12-09', '2017-12-12', NULL);
INSERT INTO `ordertracking` VALUES ('202107080007000072', '2017-12-14', '2017-12-14', '2017-12-17', NULL);
INSERT INTO `ordertracking` VALUES ('202107080007000073', '2017-12-12', '2017-12-12', '2017-12-14', NULL);
INSERT INTO `ordertracking` VALUES ('202107080007000074', '2017-12-14', '2017-12-14', '2017-12-17', NULL);
INSERT INTO `ordertracking` VALUES ('202107080007000075', '2017-12-04', '2017-12-04', '2017-12-06', NULL);
INSERT INTO `ordertracking` VALUES ('202107080007000076', '2017-12-15', '2017-12-15', '2017-12-16', NULL);
INSERT INTO `ordertracking` VALUES ('202107080007000077', '2017-12-13', '2017-12-13', '2017-12-16', NULL);
INSERT INTO `ordertracking` VALUES ('202107080007000078', '2017-12-04', '2017-12-04', '2017-12-07', NULL);
INSERT INTO `ordertracking` VALUES ('202107080007000079', '2017-12-09', '2017-12-09', '2017-12-12', NULL);
INSERT INTO `ordertracking` VALUES ('202107080007000080', '2017-12-08', '2017-12-08', '2017-12-10', NULL);
INSERT INTO `ordertracking` VALUES ('202107080007000081', '2017-12-10', '2017-12-10', '2017-12-12', NULL);
INSERT INTO `ordertracking` VALUES ('202107080007000082', '2017-12-09', '2017-12-09', '2017-12-10', NULL);
INSERT INTO `ordertracking` VALUES ('202107080007000083', '2017-12-13', '2017-12-13', '2017-12-14', NULL);
INSERT INTO `ordertracking` VALUES ('202107080007000084', '2017-12-09', '2017-12-09', '2017-12-10', NULL);
INSERT INTO `ordertracking` VALUES ('202107080007000085', '2017-12-11', '2017-12-11', '2017-12-14', NULL);
INSERT INTO `ordertracking` VALUES ('202107080007000086', '2017-12-16', '2017-12-16', '2017-12-19', NULL);
INSERT INTO `ordertracking` VALUES ('202107080007000087', '2017-12-13', '2017-12-13', '2017-12-15', NULL);
INSERT INTO `ordertracking` VALUES ('202107080007000088', '2017-12-11', '2017-12-11', '2017-12-14', NULL);
INSERT INTO `ordertracking` VALUES ('202107080007000089', '2017-12-09', '2017-12-09', '2017-12-12', NULL);
INSERT INTO `ordertracking` VALUES ('202107080007000090', '2017-12-15', '2017-12-15', '2017-12-18', NULL);
INSERT INTO `ordertracking` VALUES ('202107080007000091', '2017-12-07', '2017-12-07', '2017-12-10', NULL);
INSERT INTO `ordertracking` VALUES ('202107080007000092', '2017-12-10', '2017-12-10', '2017-12-11', NULL);
INSERT INTO `ordertracking` VALUES ('202107080007000093', '2017-12-08', '2017-12-08', '2017-12-11', NULL);
INSERT INTO `ordertracking` VALUES ('202107080007000094', '2017-12-12', '2017-12-12', '2017-12-14', NULL);
INSERT INTO `ordertracking` VALUES ('202107080007000095', '2017-12-05', '2017-12-05', '2017-12-06', NULL);
INSERT INTO `ordertracking` VALUES ('202107080007000096', '2017-12-11', '2017-12-11', '2017-12-14', NULL);
INSERT INTO `ordertracking` VALUES ('202107080007000097', '2017-12-10', '2017-12-10', '2017-12-11', NULL);
INSERT INTO `ordertracking` VALUES ('202107080007000098', '2017-12-10', '2017-12-10', '2017-12-13', NULL);
INSERT INTO `ordertracking` VALUES ('202107080007000099', '2017-12-14', '2017-12-14', '2017-12-15', NULL);
INSERT INTO `ordertracking` VALUES ('202107080007000100', '2017-12-07', '2017-12-07', '2017-12-09', NULL);
INSERT INTO `ordertracking` VALUES ('202107080007000101', '2017-12-11', '2017-12-11', '2017-12-12', NULL);
INSERT INTO `ordertracking` VALUES ('202107080007000102', '2017-12-15', '2017-12-15', '2017-12-18', NULL);
INSERT INTO `ordertracking` VALUES ('202107080007000103', '2017-12-16', '2017-12-16', '2017-12-18', NULL);
INSERT INTO `ordertracking` VALUES ('202107080007000104', '2017-12-06', '2017-12-06', '2017-12-07', NULL);
INSERT INTO `ordertracking` VALUES ('202107080007000105', '2017-12-11', '2017-12-11', '2017-12-12', NULL);
INSERT INTO `ordertracking` VALUES ('202107080007000106', '2017-12-06', '2017-12-06', '2017-12-09', NULL);
INSERT INTO `ordertracking` VALUES ('202107080007000107', '2017-12-12', '2017-12-12', '2017-12-14', NULL);
INSERT INTO `ordertracking` VALUES ('202107080007000108', '2017-12-07', '2017-12-07', '2017-12-08', NULL);
INSERT INTO `ordertracking` VALUES ('202107080007000109', '2017-12-07', '2017-12-07', '2017-12-09', NULL);
INSERT INTO `ordertracking` VALUES ('202107080007000110', '2017-12-06', '2017-12-06', '2017-12-07', NULL);
INSERT INTO `ordertracking` VALUES ('202107080007000111', '2017-12-08', '2017-12-08', '2017-12-10', NULL);
INSERT INTO `ordertracking` VALUES ('202107080007000112', '2017-12-09', '2017-12-09', '2017-12-10', NULL);
INSERT INTO `ordertracking` VALUES ('202107080007000113', '2017-12-14', '2017-12-14', '2017-12-17', NULL);
INSERT INTO `ordertracking` VALUES ('202107080007000114', '2017-12-08', '2017-12-08', '2017-12-10', NULL);
INSERT INTO `ordertracking` VALUES ('202107080007000115', '2017-12-12', '2017-12-12', '2017-12-15', NULL);
INSERT INTO `ordertracking` VALUES ('202107080007000116', '2017-12-09', '2017-12-09', '2017-12-10', NULL);
INSERT INTO `ordertracking` VALUES ('202107080007000117', '2017-12-13', '2017-12-13', '2017-12-16', NULL);
INSERT INTO `ordertracking` VALUES ('202107080007000118', '2017-12-06', '2017-12-06', '2017-12-07', NULL);
INSERT INTO `ordertracking` VALUES ('202107080007000119', '2017-12-16', '2017-12-16', '2017-12-19', NULL);
INSERT INTO `ordertracking` VALUES ('202107080007000120', '2017-12-12', '2017-12-12', '2017-12-13', NULL);
INSERT INTO `ordertracking` VALUES ('202107080007000121', '2017-12-10', '2017-12-10', '2017-12-12', NULL);
INSERT INTO `ordertracking` VALUES ('202107080007000122', '2017-12-16', '2017-12-16', '2017-12-17', NULL);
INSERT INTO `ordertracking` VALUES ('202107080007000123', '2017-12-14', '2017-12-14', '2017-12-16', NULL);
INSERT INTO `ordertracking` VALUES ('202107080007000124', '2017-12-10', '2017-12-10', '2017-12-13', NULL);
INSERT INTO `ordertracking` VALUES ('202107080007000125', '2017-12-12', '2017-12-12', '2017-12-15', NULL);
INSERT INTO `ordertracking` VALUES ('202107080007000126', '2017-12-13', '2017-12-13', '2017-12-16', NULL);
INSERT INTO `ordertracking` VALUES ('202107080007000127', '2017-12-13', '2017-12-13', '2017-12-14', NULL);
INSERT INTO `ordertracking` VALUES ('202107080007000128', '2017-12-10', '2017-12-10', '2017-12-13', NULL);
INSERT INTO `ordertracking` VALUES ('202107080007000129', '2017-12-16', '2017-12-16', '2017-12-18', NULL);
INSERT INTO `ordertracking` VALUES ('202107080007000130', '2017-12-10', '2017-12-10', '2017-12-12', NULL);
INSERT INTO `ordertracking` VALUES ('202107080007000131', '2017-12-15', '2017-12-15', '2017-12-16', NULL);
INSERT INTO `ordertracking` VALUES ('202107080007000132', '2017-12-16', '2017-12-16', '2017-12-17', NULL);
INSERT INTO `ordertracking` VALUES ('202107080007000133', '2017-12-07', '2017-12-07', '2017-12-10', NULL);
INSERT INTO `ordertracking` VALUES ('202107080007000134', '2017-12-10', '2017-12-10', '2017-12-11', NULL);
INSERT INTO `ordertracking` VALUES ('202107080007000135', '2017-12-10', '2017-12-10', '2017-12-13', NULL);
INSERT INTO `ordertracking` VALUES ('202107080007000136', '2017-12-15', '2017-12-15', '2017-12-16', NULL);
INSERT INTO `ordertracking` VALUES ('202107080007000137', '2017-12-15', '2017-12-15', '2017-12-18', NULL);
INSERT INTO `ordertracking` VALUES ('202107080007000138', '2017-12-15', '2017-12-15', '2017-12-18', NULL);
INSERT INTO `ordertracking` VALUES ('202107080007000139', '2017-12-13', '2017-12-13', '2017-12-16', NULL);
INSERT INTO `ordertracking` VALUES ('202107080007000140', '2017-12-14', '2017-12-14', '2017-12-16', NULL);
INSERT INTO `ordertracking` VALUES ('202107080007000141', '2017-12-12', '2017-12-12', '2017-12-15', NULL);
INSERT INTO `ordertracking` VALUES ('202107080007000142', '2017-12-16', '2017-12-16', '2017-12-18', NULL);
INSERT INTO `ordertracking` VALUES ('202107080007000143', '2017-12-08', '2017-12-08', '2017-12-10', NULL);
INSERT INTO `ordertracking` VALUES ('202107080007000144', '2017-12-09', '2017-12-09', '2017-12-10', NULL);
INSERT INTO `ordertracking` VALUES ('202107080007000145', '2017-12-12', '2017-12-12', '2017-12-14', NULL);
INSERT INTO `ordertracking` VALUES ('202107080007000146', '2017-12-14', '2017-12-14', '2017-12-17', NULL);
INSERT INTO `ordertracking` VALUES ('202107080007000147', '2017-12-15', '2017-12-15', '2017-12-16', NULL);
INSERT INTO `ordertracking` VALUES ('202107080007000148', '2017-12-15', '2017-12-15', '2017-12-16', NULL);
INSERT INTO `ordertracking` VALUES ('202107080007000149', '2017-12-11', '2017-12-11', '2017-12-13', NULL);
INSERT INTO `ordertracking` VALUES ('202107080007000150', '2017-12-18', '2017-12-18', '2017-12-20', NULL);
INSERT INTO `ordertracking` VALUES ('202107080007000151', '2017-12-09', '2017-12-09', '2017-12-12', NULL);
INSERT INTO `ordertracking` VALUES ('202107080007000152', '2017-12-16', '2017-12-16', '2017-12-19', NULL);
INSERT INTO `ordertracking` VALUES ('202107080007000153', '2017-12-08', '2017-12-08', '2017-12-11', NULL);
INSERT INTO `ordertracking` VALUES ('202107080007000154', '2017-12-08', '2017-12-08', '2017-12-10', NULL);
INSERT INTO `ordertracking` VALUES ('202107080007000155', '2017-12-10', '2017-12-10', '2017-12-13', NULL);
INSERT INTO `ordertracking` VALUES ('202107080007000156', '2017-12-11', '2017-12-11', '2017-12-13', NULL);
INSERT INTO `ordertracking` VALUES ('202107080007000157', '2017-12-10', '2017-12-10', '2017-12-12', NULL);
INSERT INTO `ordertracking` VALUES ('202107080007000158', '2017-12-14', '2017-12-14', '2017-12-16', NULL);
INSERT INTO `ordertracking` VALUES ('202107080007000159', '2017-12-16', '2017-12-16', '2017-12-19', NULL);
INSERT INTO `ordertracking` VALUES ('202107080007000160', '2017-12-13', '2017-12-13', '2017-12-14', NULL);
INSERT INTO `ordertracking` VALUES ('202107080007000161', '2017-12-18', '2017-12-18', '2017-12-19', NULL);
INSERT INTO `ordertracking` VALUES ('202107080007000162', '2017-12-16', '2017-12-16', '2017-12-17', NULL);
INSERT INTO `ordertracking` VALUES ('202107080007000163', '2017-12-11', '2017-12-11', '2017-12-14', NULL);
INSERT INTO `ordertracking` VALUES ('202107080007000164', '2017-12-10', '2017-12-10', '2017-12-13', NULL);
INSERT INTO `ordertracking` VALUES ('202107080007000165', '2017-12-16', '2017-12-16', '2017-12-19', NULL);
INSERT INTO `ordertracking` VALUES ('202107080007000166', '2017-12-18', '2017-12-18', '2017-12-20', NULL);
INSERT INTO `ordertracking` VALUES ('202107080007000167', '2017-12-18', '2017-12-18', '2017-12-21', NULL);
INSERT INTO `ordertracking` VALUES ('202107080007000168', '2017-12-17', '2017-12-17', '2017-12-19', NULL);
INSERT INTO `ordertracking` VALUES ('202107080007000169', '2017-12-15', '2017-12-15', '2017-12-16', NULL);
INSERT INTO `ordertracking` VALUES ('202107080007000170', '2017-12-15', '2017-12-15', '2017-12-16', NULL);
INSERT INTO `ordertracking` VALUES ('202107080007000171', '2017-12-10', '2017-12-10', '2017-12-12', NULL);
INSERT INTO `ordertracking` VALUES ('202107080007000172', '2017-12-12', '2017-12-12', '2017-12-14', NULL);
INSERT INTO `ordertracking` VALUES ('202107080007000173', '2017-12-11', '2017-12-11', '2017-12-12', NULL);
INSERT INTO `ordertracking` VALUES ('202107080007000174', '2017-12-18', '2017-12-18', '2017-12-20', NULL);
INSERT INTO `ordertracking` VALUES ('202107080007000175', '2017-12-19', '2017-12-19', '2017-12-21', NULL);
INSERT INTO `ordertracking` VALUES ('202107080007000176', '2017-12-18', '2017-12-18', '2017-12-21', NULL);
INSERT INTO `ordertracking` VALUES ('202107080007000177', '2017-12-17', '2017-12-17', '2017-12-20', NULL);
INSERT INTO `ordertracking` VALUES ('202107080007000178', '2017-12-16', '2017-12-16', '2017-12-18', NULL);
INSERT INTO `ordertracking` VALUES ('202107080007000179', '2017-12-11', '2017-12-11', '2017-12-13', NULL);
INSERT INTO `ordertracking` VALUES ('202107080007000180', '2017-12-09', '2017-12-09', '2017-12-10', NULL);
INSERT INTO `ordertracking` VALUES ('202107080007000181', '2017-12-18', '2017-12-18', '2017-12-20', NULL);
INSERT INTO `ordertracking` VALUES ('202107080007000182', '2017-12-12', '2017-12-12', '2017-12-13', NULL);
INSERT INTO `ordertracking` VALUES ('202107080007000183', '2017-12-10', '2017-12-10', '2017-12-13', NULL);
INSERT INTO `ordertracking` VALUES ('202107080007000184', '2017-12-18', '2017-12-18', '2017-12-19', NULL);
INSERT INTO `ordertracking` VALUES ('202107080007000185', '2017-12-18', '2017-12-18', '2017-12-20', NULL);
INSERT INTO `ordertracking` VALUES ('202107080007000186', '2017-12-18', '2017-12-18', '2017-12-21', NULL);
INSERT INTO `ordertracking` VALUES ('202107080007000187', '2017-12-15', '2017-12-15', '2017-12-17', NULL);
INSERT INTO `ordertracking` VALUES ('202107080007000188', '2017-12-18', '2017-12-18', '2017-12-19', NULL);
INSERT INTO `ordertracking` VALUES ('202107080007000189', '2017-12-10', '2017-12-10', '2017-12-13', NULL);
INSERT INTO `ordertracking` VALUES ('202107080007000190', '2017-12-17', '2017-12-17', '2017-12-19', NULL);
INSERT INTO `ordertracking` VALUES ('202107080007000191', '2017-12-13', '2017-12-13', '2017-12-14', NULL);
INSERT INTO `ordertracking` VALUES ('202107080007000192', '2017-12-14', '2017-12-14', '2017-12-15', NULL);
INSERT INTO `ordertracking` VALUES ('202107080007000193', '2017-12-10', '2017-12-10', '2017-12-11', NULL);
INSERT INTO `ordertracking` VALUES ('202107080007000194', '2017-12-14', '2017-12-14', '2017-12-17', NULL);
INSERT INTO `ordertracking` VALUES ('202107080007000195', '2017-12-15', '2017-12-15', '2017-12-16', NULL);
INSERT INTO `ordertracking` VALUES ('202107080007000196', '2017-12-10', '2017-12-10', '2017-12-11', NULL);
INSERT INTO `ordertracking` VALUES ('202107080007000197', '2017-12-13', '2017-12-13', '2017-12-16', NULL);
INSERT INTO `ordertracking` VALUES ('202107080007000198', '2017-12-19', '2017-12-19', '2017-12-21', NULL);
INSERT INTO `ordertracking` VALUES ('202107080007000199', '2017-12-14', '2017-12-14', '2017-12-16', NULL);
INSERT INTO `ordertracking` VALUES ('202107080007000200', '2017-12-12', '2017-12-12', '2017-12-15', NULL);
INSERT INTO `ordertracking` VALUES ('202107080007000201', '2017-12-16', '2017-12-16', '2017-12-18', NULL);
INSERT INTO `ordertracking` VALUES ('202107080007000202', '2017-12-19', '2017-12-19', '2017-12-20', NULL);
INSERT INTO `ordertracking` VALUES ('202107080007000203', '2017-12-13', '2017-12-13', '2017-12-14', NULL);
INSERT INTO `ordertracking` VALUES ('202107080007000204', '2017-12-20', '2017-12-20', '2017-12-22', NULL);
INSERT INTO `ordertracking` VALUES ('202107080007000205', '2017-12-12', '2017-12-12', '2017-12-14', NULL);
INSERT INTO `ordertracking` VALUES ('202107080007000206', '2017-12-18', '2017-12-18', '2017-12-21', NULL);
INSERT INTO `ordertracking` VALUES ('202107080007000207', '2017-12-19', '2017-12-19', '2017-12-20', NULL);
INSERT INTO `ordertracking` VALUES ('202107080007000208', '2017-12-13', '2017-12-13', '2017-12-15', NULL);
INSERT INTO `ordertracking` VALUES ('202107080007000209', '2017-12-14', '2017-12-14', '2017-12-17', NULL);
INSERT INTO `ordertracking` VALUES ('202107080007000210', '2017-12-14', '2017-12-14', '2017-12-16', NULL);
INSERT INTO `ordertracking` VALUES ('202107080007000211', '2017-12-20', '2017-12-20', '2017-12-23', NULL);
INSERT INTO `ordertracking` VALUES ('202107080007000212', '2017-12-15', '2017-12-15', '2017-12-18', NULL);
INSERT INTO `ordertracking` VALUES ('202107080007000213', '2017-12-14', '2017-12-14', '2017-12-17', NULL);
INSERT INTO `ordertracking` VALUES ('202107080007000214', '2017-12-11', '2017-12-11', '2017-12-14', NULL);
INSERT INTO `ordertracking` VALUES ('202107080007000215', '2017-12-14', '2017-12-14', '2017-12-16', NULL);
INSERT INTO `ordertracking` VALUES ('202107080007000216', '2017-12-18', '2017-12-18', '2017-12-20', NULL);
INSERT INTO `ordertracking` VALUES ('202107080007000217', '2017-12-14', '2017-12-14', '2017-12-17', NULL);
INSERT INTO `ordertracking` VALUES ('202107080007000218', '2017-12-19', '2017-12-19', '2017-12-20', NULL);
INSERT INTO `ordertracking` VALUES ('202107080007000219', '2017-12-20', '2017-12-20', '2017-12-23', NULL);
INSERT INTO `ordertracking` VALUES ('202107080007000220', '2017-12-16', '2017-12-16', '2017-12-17', NULL);
INSERT INTO `ordertracking` VALUES ('202107080007000221', '2017-12-14', '2017-12-14', '2017-12-16', NULL);
INSERT INTO `ordertracking` VALUES ('202107080007000222', '2017-12-15', '2017-12-15', '2017-12-17', NULL);
INSERT INTO `ordertracking` VALUES ('202107080007000223', '2017-12-17', '2017-12-17', '2017-12-19', NULL);
INSERT INTO `ordertracking` VALUES ('202107080007000224', '2017-12-18', '2017-12-18', '2017-12-20', NULL);
INSERT INTO `ordertracking` VALUES ('202107080007000225', '2017-12-20', '2017-12-20', '2017-12-23', NULL);
INSERT INTO `ordertracking` VALUES ('202107080007000226', '2017-12-16', '2017-12-16', '2017-12-18', NULL);
INSERT INTO `ordertracking` VALUES ('202107080007000227', '2017-12-17', '2017-12-17', '2017-12-18', NULL);
INSERT INTO `ordertracking` VALUES ('202107080007000228', '2017-12-19', '2017-12-19', '2017-12-22', NULL);
INSERT INTO `ordertracking` VALUES ('202107080007000229', '2017-12-18', '2017-12-18', '2017-12-21', NULL);
INSERT INTO `ordertracking` VALUES ('202107080007000230', '2017-12-18', '2017-12-18', '2017-12-20', NULL);
INSERT INTO `ordertracking` VALUES ('202107080007000231', '2017-12-18', '2017-12-18', '2017-12-19', NULL);
INSERT INTO `ordertracking` VALUES ('202107080007000232', '2017-12-16', '2017-12-16', '2017-12-17', NULL);
INSERT INTO `ordertracking` VALUES ('202107080007000233', '2017-12-17', '2017-12-17', '2017-12-19', NULL);
INSERT INTO `ordertracking` VALUES ('202107080007000234', '2017-12-12', '2017-12-12', '2017-12-15', NULL);
INSERT INTO `ordertracking` VALUES ('202107080007000235', '2017-12-17', '2017-12-17', '2017-12-19', NULL);
INSERT INTO `ordertracking` VALUES ('202107080007000236', '2017-12-16', '2017-12-16', '2017-12-19', NULL);
INSERT INTO `ordertracking` VALUES ('202107080007000237', '2017-12-14', '2017-12-14', '2017-12-15', NULL);
INSERT INTO `ordertracking` VALUES ('202107080007000238', '2017-12-12', '2017-12-12', '2017-12-14', NULL);
INSERT INTO `ordertracking` VALUES ('202107080007000239', '2017-12-19', '2017-12-19', '2017-12-22', NULL);
INSERT INTO `ordertracking` VALUES ('202107080007000240', '2017-12-16', '2017-12-16', '2017-12-19', NULL);
INSERT INTO `ordertracking` VALUES ('202107080007000241', '2017-12-14', '2017-12-14', '2017-12-16', NULL);
INSERT INTO `ordertracking` VALUES ('202107080007000242', '2017-12-14', '2017-12-14', '2017-12-16', NULL);
INSERT INTO `ordertracking` VALUES ('202107080007000243', '2017-12-19', '2017-12-19', '2017-12-22', NULL);
INSERT INTO `ordertracking` VALUES ('202107080007000244', '2017-12-13', '2017-12-13', '2017-12-14', NULL);
INSERT INTO `ordertracking` VALUES ('202107080007000245', '2017-12-20', '2017-12-20', '2017-12-22', NULL);
INSERT INTO `ordertracking` VALUES ('202107080007000246', '2017-12-16', '2017-12-16', '2017-12-17', NULL);
INSERT INTO `ordertracking` VALUES ('202107080007000247', '2017-12-14', '2017-12-14', '2017-12-15', NULL);
INSERT INTO `ordertracking` VALUES ('202107080007000248', '2017-12-17', '2017-12-17', '2017-12-18', NULL);
INSERT INTO `ordertracking` VALUES ('202107080007000249', '2017-12-18', '2017-12-18', '2017-12-21', NULL);
INSERT INTO `ordertracking` VALUES ('202107080007000250', '2017-12-16', '2017-12-16', '2017-12-19', NULL);
INSERT INTO `ordertracking` VALUES ('202107080007000251', '2017-12-18', '2017-12-18', '2017-12-21', NULL);
INSERT INTO `ordertracking` VALUES ('202107080007000252', '2017-12-22', '2017-12-22', '2017-12-25', NULL);
INSERT INTO `ordertracking` VALUES ('202107080007000253', '2017-12-18', '2017-12-18', '2017-12-19', NULL);
INSERT INTO `ordertracking` VALUES ('202107080007000254', '2017-12-17', '2017-12-17', '2017-12-20', NULL);
INSERT INTO `ordertracking` VALUES ('202107080007000255', '2017-12-17', '2017-12-17', '2017-12-19', NULL);
INSERT INTO `ordertracking` VALUES ('202107080007000256', '2017-12-18', '2017-12-18', '2017-12-21', NULL);
INSERT INTO `ordertracking` VALUES ('202107080007000257', '2017-12-13', '2017-12-13', '2017-12-16', NULL);
INSERT INTO `ordertracking` VALUES ('202107080007000258', '2017-12-19', '2017-12-19', '2017-12-20', NULL);
INSERT INTO `ordertracking` VALUES ('202107080007000259', '2017-12-13', '2017-12-13', '2017-12-16', NULL);
INSERT INTO `ordertracking` VALUES ('202107080007000260', '2017-12-20', '2017-12-20', '2017-12-22', NULL);
INSERT INTO `ordertracking` VALUES ('202107080007000261', '2017-12-21', '2017-12-21', '2017-12-22', NULL);
INSERT INTO `ordertracking` VALUES ('202107080007000262', '2017-12-17', '2017-12-17', '2017-12-20', NULL);
INSERT INTO `ordertracking` VALUES ('202107080007000263', '2017-12-14', '2017-12-14', '2017-12-16', NULL);
INSERT INTO `ordertracking` VALUES ('202107080007000264', '2017-12-21', '2017-12-21', '2017-12-23', NULL);
INSERT INTO `ordertracking` VALUES ('202107080007000265', '2017-12-18', '2017-12-18', '2017-12-19', NULL);
INSERT INTO `ordertracking` VALUES ('202107080007000266', '2017-12-18', '2017-12-18', '2017-12-20', NULL);
INSERT INTO `ordertracking` VALUES ('202107080007000267', '2017-12-16', '2017-12-16', '2017-12-18', NULL);
INSERT INTO `ordertracking` VALUES ('202107080007000268', '2017-12-19', '2017-12-19', '2017-12-21', NULL);
INSERT INTO `ordertracking` VALUES ('202107080007000269', '2017-12-14', '2017-12-14', '2017-12-17', NULL);
INSERT INTO `ordertracking` VALUES ('202107080007000270', '2017-12-19', '2017-12-19', '2017-12-21', NULL);
INSERT INTO `ordertracking` VALUES ('202107080007000271', '2017-12-17', '2017-12-17', '2017-12-19', NULL);
INSERT INTO `ordertracking` VALUES ('202107080007000272', '2017-12-15', '2017-12-15', '2017-12-16', NULL);
INSERT INTO `ordertracking` VALUES ('202107080007000273', '2017-12-18', '2017-12-18', '2017-12-19', NULL);
INSERT INTO `ordertracking` VALUES ('202107080007000274', '2017-12-18', '2017-12-18', '2017-12-21', NULL);
INSERT INTO `ordertracking` VALUES ('202107080007000275', '2017-12-21', '2017-12-21', '2017-12-23', NULL);
INSERT INTO `ordertracking` VALUES ('202107080007000276', '2017-12-17', '2017-12-17', '2017-12-20', NULL);
INSERT INTO `ordertracking` VALUES ('202107080007000277', '2017-12-22', '2017-12-22', '2017-12-25', NULL);
INSERT INTO `ordertracking` VALUES ('202107080007000278', '2017-12-18', '2017-12-18', '2017-12-19', NULL);
INSERT INTO `ordertracking` VALUES ('202107080007000279', '2017-12-22', '2017-12-22', '2017-12-25', NULL);
INSERT INTO `ordertracking` VALUES ('202107080007000280', '2017-12-22', '2017-12-22', '2017-12-25', NULL);
INSERT INTO `ordertracking` VALUES ('202107080007000281', '2017-12-17', '2017-12-17', '2017-12-19', NULL);
INSERT INTO `ordertracking` VALUES ('202107080007000282', '2017-12-16', '2017-12-16', '2017-12-19', NULL);
INSERT INTO `ordertracking` VALUES ('202107080007000283', '2017-12-16', '2017-12-16', '2017-12-18', NULL);
INSERT INTO `ordertracking` VALUES ('202107080007000284', '2017-12-16', '2017-12-16', '2017-12-17', NULL);
INSERT INTO `ordertracking` VALUES ('202107080007000285', '2017-12-15', '2017-12-15', '2017-12-17', NULL);
INSERT INTO `ordertracking` VALUES ('202107080007000286', '2017-12-22', '2017-12-22', '2017-12-25', NULL);
INSERT INTO `ordertracking` VALUES ('202107080007000287', '2017-12-21', '2017-12-21', '2017-12-22', NULL);
INSERT INTO `ordertracking` VALUES ('202107080007000288', '2017-12-22', '2017-12-22', '2017-12-24', NULL);
INSERT INTO `ordertracking` VALUES ('202107080007000289', '2017-12-20', '2017-12-20', '2017-12-21', NULL);
INSERT INTO `ordertracking` VALUES ('202107080007000290', '2017-12-16', '2017-12-16', '2017-12-19', NULL);
INSERT INTO `ordertracking` VALUES ('202107080007000291', '2017-12-21', '2017-12-21', '2017-12-22', NULL);
INSERT INTO `ordertracking` VALUES ('202107080007000292', '2017-12-17', '2017-12-17', '2017-12-20', NULL);
INSERT INTO `ordertracking` VALUES ('202107080007000293', '2017-12-15', '2017-12-15', '2017-12-16', NULL);
INSERT INTO `ordertracking` VALUES ('202107080007000294', '2017-12-16', '2017-12-16', '2017-12-19', NULL);
INSERT INTO `ordertracking` VALUES ('202107080007000295', '2017-12-22', '2017-12-22', '2017-12-25', NULL);
INSERT INTO `ordertracking` VALUES ('202107080007000296', '2017-12-15', '2017-12-15', '2017-12-17', NULL);
INSERT INTO `ordertracking` VALUES ('202107080007000297', '2017-12-21', '2017-12-21', '2017-12-24', NULL);
INSERT INTO `ordertracking` VALUES ('202107080007000298', '2017-12-22', '2017-12-22', '2017-12-24', NULL);
INSERT INTO `ordertracking` VALUES ('202107080007000299', '2017-12-17', '2017-12-17', '2017-12-19', NULL);
INSERT INTO `ordertracking` VALUES ('202107080007000300', '2017-12-19', '2017-12-19', '2017-12-22', NULL);
INSERT INTO `ordertracking` VALUES ('202107080007000301', '2017-12-19', '2017-12-19', '2017-12-20', NULL);
INSERT INTO `ordertracking` VALUES ('202107080007000302', '2017-12-20', '2017-12-20', '2017-12-21', NULL);
INSERT INTO `ordertracking` VALUES ('202107080007000303', '2017-12-16', '2017-12-16', '2017-12-19', NULL);
INSERT INTO `ordertracking` VALUES ('202107080007000304', '2017-12-16', '2017-12-16', '2017-12-19', NULL);
INSERT INTO `ordertracking` VALUES ('202107080007000305', '2017-12-19', '2017-12-19', '2017-12-20', NULL);
INSERT INTO `ordertracking` VALUES ('202107080007000306', '2017-12-23', '2017-12-23', '2017-12-24', NULL);
INSERT INTO `ordertracking` VALUES ('202107080007000307', '2017-12-21', '2017-12-21', '2017-12-22', NULL);
INSERT INTO `ordertracking` VALUES ('202107080007000308', '2017-12-21', '2017-12-21', '2017-12-24', NULL);
INSERT INTO `ordertracking` VALUES ('202107080007000309', '2017-12-22', '2017-12-22', '2017-12-25', NULL);
INSERT INTO `ordertracking` VALUES ('202107080007000310', '2017-12-17', '2017-12-17', '2017-12-19', NULL);
INSERT INTO `ordertracking` VALUES ('202107080007000311', '2017-12-17', '2017-12-17', '2017-12-19', NULL);
INSERT INTO `ordertracking` VALUES ('202107080007000312', '2017-12-22', '2017-12-22', '2017-12-25', NULL);
INSERT INTO `ordertracking` VALUES ('202107080007000313', '2017-12-18', '2017-12-18', '2017-12-19', NULL);
INSERT INTO `ordertracking` VALUES ('202107080007000314', '2017-12-20', '2017-12-20', '2017-12-23', NULL);
INSERT INTO `ordertracking` VALUES ('202107080007000315', '2017-12-18', '2017-12-18', '2017-12-19', NULL);
INSERT INTO `ordertracking` VALUES ('202107080007000316', '2017-12-16', '2017-12-16', '2017-12-19', NULL);
INSERT INTO `ordertracking` VALUES ('202107080007000317', '2017-12-18', '2017-12-18', '2017-12-19', NULL);
INSERT INTO `ordertracking` VALUES ('202107080007000318', '2017-12-16', '2017-12-16', '2017-12-19', NULL);
INSERT INTO `ordertracking` VALUES ('202107080007000319', '2017-12-23', '2017-12-23', '2017-12-25', NULL);
INSERT INTO `ordertracking` VALUES ('202107080007000320', '2017-12-16', '2017-12-16', '2017-12-17', NULL);
INSERT INTO `ordertracking` VALUES ('202107080007000321', '2017-12-16', '2017-12-16', '2017-12-19', NULL);
INSERT INTO `ordertracking` VALUES ('202107080007000322', '2017-12-19', '2017-12-19', '2017-12-20', NULL);
INSERT INTO `ordertracking` VALUES ('202107080007000323', '2017-12-23', '2017-12-23', '2017-12-24', NULL);
INSERT INTO `ordertracking` VALUES ('202107080007000324', '2017-12-22', '2017-12-22', '2017-12-23', NULL);
INSERT INTO `ordertracking` VALUES ('202107080007000325', '2017-12-17', '2017-12-17', '2017-12-19', NULL);
INSERT INTO `ordertracking` VALUES ('202107080007000326', '2017-12-23', '2017-12-23', '2017-12-25', NULL);
INSERT INTO `ordertracking` VALUES ('202107080007000327', '2017-12-21', '2017-12-21', '2017-12-23', NULL);
INSERT INTO `ordertracking` VALUES ('202107080007000328', '2017-12-21', '2017-12-21', '2017-12-24', NULL);
INSERT INTO `ordertracking` VALUES ('202107080007000329', '2017-12-22', '2017-12-22', '2017-12-23', NULL);
INSERT INTO `ordertracking` VALUES ('202107080007000330', '2017-12-21', '2017-12-21', '2017-12-23', NULL);
INSERT INTO `ordertracking` VALUES ('202107080007000331', '2017-12-18', '2017-12-18', '2017-12-21', NULL);
INSERT INTO `ordertracking` VALUES ('202107080007000332', '2017-12-22', '2017-12-22', '2017-12-23', NULL);
INSERT INTO `ordertracking` VALUES ('202107080007000333', '2017-12-20', '2017-12-20', '2017-12-22', NULL);
INSERT INTO `ordertracking` VALUES ('202107080007000334', '2017-12-24', '2017-12-24', '2017-12-27', NULL);
INSERT INTO `ordertracking` VALUES ('202107080007000335', '2017-12-22', '2017-12-22', '2017-12-25', NULL);
INSERT INTO `ordertracking` VALUES ('202107080007000336', '2017-12-22', '2017-12-22', '2017-12-25', NULL);
INSERT INTO `ordertracking` VALUES ('202107080007000337', '2017-12-23', '2017-12-23', '2017-12-25', NULL);
INSERT INTO `ordertracking` VALUES ('202107080007000338', '2017-12-21', '2017-12-21', '2017-12-22', NULL);
INSERT INTO `ordertracking` VALUES ('202107080007000339', '2017-12-25', '2017-12-25', '2017-12-28', NULL);
INSERT INTO `ordertracking` VALUES ('202107080007000340', '2017-12-20', '2017-12-20', '2017-12-21', NULL);
INSERT INTO `ordertracking` VALUES ('202107080007000341', '2017-12-20', '2017-12-20', '2017-12-23', NULL);
INSERT INTO `ordertracking` VALUES ('202107080007000342', '2017-12-23', '2017-12-23', '2017-12-24', NULL);
INSERT INTO `ordertracking` VALUES ('202107080007000343', '2017-12-18', '2017-12-18', '2017-12-21', NULL);
INSERT INTO `ordertracking` VALUES ('202107080007000344', '2017-12-23', '2017-12-23', '2017-12-26', NULL);
INSERT INTO `ordertracking` VALUES ('202107080007000345', '2017-12-19', '2017-12-19', '2017-12-22', NULL);
INSERT INTO `ordertracking` VALUES ('202107080007000346', '2017-12-21', '2017-12-21', '2017-12-24', NULL);
INSERT INTO `ordertracking` VALUES ('202107080007000347', '2017-12-18', '2017-12-18', '2017-12-21', NULL);
INSERT INTO `ordertracking` VALUES ('202107080007000348', '2017-12-20', '2017-12-20', '2017-12-23', NULL);
INSERT INTO `ordertracking` VALUES ('202107080007000349', '2017-12-22', '2017-12-22', '2017-12-23', NULL);
INSERT INTO `ordertracking` VALUES ('202107080007000350', '2017-12-19', '2017-12-19', '2017-12-21', NULL);
INSERT INTO `ordertracking` VALUES ('202107080007000351', '2017-12-21', '2017-12-21', '2017-12-22', NULL);
INSERT INTO `ordertracking` VALUES ('202107080007000352', '2017-12-19', '2017-12-19', '2017-12-22', NULL);
INSERT INTO `ordertracking` VALUES ('202107080007000353', '2017-12-21', '2017-12-21', '2017-12-22', NULL);
INSERT INTO `ordertracking` VALUES ('202107080007000354', '2017-12-20', '2017-12-20', '2017-12-23', NULL);
INSERT INTO `ordertracking` VALUES ('202107080007000355', '2017-12-25', '2017-12-25', '2017-12-27', NULL);
INSERT INTO `ordertracking` VALUES ('202107080007000356', '2017-12-25', '2017-12-25', '2017-12-27', NULL);
INSERT INTO `ordertracking` VALUES ('202107080007000357', '2017-12-22', '2017-12-22', '2017-12-23', NULL);
INSERT INTO `ordertracking` VALUES ('202107080007000358', '2017-12-22', '2017-12-22', '2017-12-24', NULL);
INSERT INTO `ordertracking` VALUES ('202107080007000359', '2017-12-23', '2017-12-23', '2017-12-25', NULL);
INSERT INTO `ordertracking` VALUES ('202107080007000360', '2017-12-19', '2017-12-19', '2017-12-22', NULL);
INSERT INTO `ordertracking` VALUES ('202107080007000361', '2017-12-21', '2017-12-21', '2017-12-22', NULL);
INSERT INTO `ordertracking` VALUES ('202107080007000362', '2017-12-25', '2017-12-25', '2017-12-27', NULL);
INSERT INTO `ordertracking` VALUES ('202107080007000363', '2017-12-22', '2017-12-22', '2017-12-24', NULL);
INSERT INTO `ordertracking` VALUES ('202107080007000364', '2017-12-25', '2017-12-25', '2017-12-27', NULL);
INSERT INTO `ordertracking` VALUES ('202107080007000365', '2017-12-23', '2017-12-23', '2017-12-26', NULL);
INSERT INTO `ordertracking` VALUES ('202107080007000366', '2017-12-25', '2017-12-25', '2017-12-26', NULL);
INSERT INTO `ordertracking` VALUES ('202107080007000367', '2017-12-19', '2017-12-19', '2017-12-22', NULL);
INSERT INTO `ordertracking` VALUES ('202107080007000368', '2017-12-20', '2017-12-20', '2017-12-23', NULL);
INSERT INTO `ordertracking` VALUES ('202107080007000369', '2017-12-23', '2017-12-23', '2017-12-26', NULL);
INSERT INTO `ordertracking` VALUES ('202107080007000370', '2017-12-26', '2017-12-26', '2017-12-28', NULL);
INSERT INTO `ordertracking` VALUES ('202107080007000371', '2017-12-26', '2017-12-26', '2017-12-28', NULL);
INSERT INTO `ordertracking` VALUES ('202107080007000372', '2017-12-22', '2017-12-22', '2017-12-23', NULL);
INSERT INTO `ordertracking` VALUES ('202107080007000373', '2017-12-19', '2017-12-19', '2017-12-22', NULL);
INSERT INTO `ordertracking` VALUES ('202107080007000374', '2017-12-19', '2017-12-19', '2017-12-20', NULL);
INSERT INTO `ordertracking` VALUES ('202107080007000375', '2017-12-22', '2017-12-22', '2017-12-25', NULL);
INSERT INTO `ordertracking` VALUES ('202107080007000376', '2017-12-19', '2017-12-19', '2017-12-21', NULL);
INSERT INTO `ordertracking` VALUES ('202107080007000377', '2017-12-19', '2017-12-19', '2017-12-21', NULL);
INSERT INTO `ordertracking` VALUES ('202107080007000378', '2017-12-19', '2017-12-19', '2017-12-22', NULL);
INSERT INTO `ordertracking` VALUES ('202107080007000379', '2017-12-23', '2017-12-23', '2017-12-25', NULL);
INSERT INTO `ordertracking` VALUES ('202107080007000380', '2017-12-21', '2017-12-21', '2017-12-23', NULL);
INSERT INTO `ordertracking` VALUES ('202107080007000381', '2017-12-24', '2017-12-24', '2017-12-27', NULL);
INSERT INTO `ordertracking` VALUES ('202107080007000382', '2017-12-26', '2017-12-26', '2017-12-29', NULL);
INSERT INTO `ordertracking` VALUES ('202107080007000383', '2017-12-21', '2017-12-21', '2017-12-23', NULL);
INSERT INTO `ordertracking` VALUES ('202107080007000384', '2017-12-24', '2017-12-24', '2017-12-25', NULL);
INSERT INTO `ordertracking` VALUES ('202107080007000385', '2017-12-22', '2017-12-22', '2017-12-23', NULL);
INSERT INTO `ordertracking` VALUES ('202107080007000386', '2017-12-20', '2017-12-20', '2017-12-23', NULL);
INSERT INTO `ordertracking` VALUES ('202107080007000387', '2017-12-20', '2017-12-20', '2017-12-21', NULL);
INSERT INTO `ordertracking` VALUES ('202107080007000388', '2017-12-26', '2017-12-26', '2017-12-28', NULL);
INSERT INTO `ordertracking` VALUES ('202107080007000389', '2017-12-26', '2017-12-26', '2017-12-29', NULL);
INSERT INTO `ordertracking` VALUES ('202107080007000390', '2017-12-20', '2017-12-20', '2017-12-22', NULL);
INSERT INTO `ordertracking` VALUES ('202107080007000391', '2017-12-26', '2017-12-26', '2017-12-27', NULL);
INSERT INTO `ordertracking` VALUES ('202107080007000392', '2017-12-22', '2017-12-22', '2017-12-23', NULL);
INSERT INTO `ordertracking` VALUES ('202107080007000393', '2017-12-23', '2017-12-23', '2017-12-24', NULL);
INSERT INTO `ordertracking` VALUES ('202107080007000394', '2017-12-26', '2017-12-26', '2017-12-29', NULL);
INSERT INTO `ordertracking` VALUES ('202107080007000395', '2017-12-25', '2017-12-25', '2017-12-26', NULL);
INSERT INTO `ordertracking` VALUES ('202107080007000396', '2017-12-24', '2017-12-24', '2017-12-25', NULL);
INSERT INTO `ordertracking` VALUES ('202107080007000397', '2017-12-24', '2017-12-24', '2017-12-27', NULL);
INSERT INTO `ordertracking` VALUES ('202107080007000398', '2017-12-25', '2017-12-25', '2017-12-27', NULL);
INSERT INTO `ordertracking` VALUES ('202107080007000399', '2017-12-24', '2017-12-24', '2017-12-26', NULL);
INSERT INTO `ordertracking` VALUES ('202107080007000400', '2017-12-24', '2017-12-24', '2017-12-27', NULL);
INSERT INTO `ordertracking` VALUES ('202107080007000401', '2017-12-25', '2017-12-25', '2017-12-28', NULL);
INSERT INTO `ordertracking` VALUES ('202107080007000402', '2017-12-24', '2017-12-24', '2017-12-25', NULL);
INSERT INTO `ordertracking` VALUES ('202107080007000403', '2017-12-25', '2017-12-25', '2017-12-26', NULL);
INSERT INTO `ordertracking` VALUES ('202107080007000404', '2017-12-22', '2017-12-22', '2017-12-25', NULL);
INSERT INTO `ordertracking` VALUES ('202107080007000405', '2017-12-26', '2017-12-26', '2017-12-27', NULL);
INSERT INTO `ordertracking` VALUES ('202107080007000406', '2017-12-26', '2017-12-26', '2017-12-29', NULL);
INSERT INTO `ordertracking` VALUES ('202107080007000407', '2017-12-22', '2017-12-22', '2017-12-25', NULL);
INSERT INTO `ordertracking` VALUES ('202107080007000408', '2017-12-23', '2017-12-23', '2017-12-26', NULL);
INSERT INTO `ordertracking` VALUES ('202107080007000409', '2017-12-22', '2017-12-22', '2017-12-23', NULL);
INSERT INTO `ordertracking` VALUES ('202107080007000410', '2017-12-24', '2017-12-24', '2017-12-25', NULL);
INSERT INTO `ordertracking` VALUES ('202107080007000411', '2017-12-23', '2017-12-23', '2017-12-24', NULL);
INSERT INTO `ordertracking` VALUES ('202107080007000412', '2017-12-24', '2017-12-24', '2017-12-26', NULL);
INSERT INTO `ordertracking` VALUES ('202107080007000413', '2017-12-26', '2017-12-26', '2017-12-29', NULL);
INSERT INTO `ordertracking` VALUES ('202107080007000414', '2017-12-26', '2017-12-26', '2017-12-27', NULL);
INSERT INTO `ordertracking` VALUES ('202107080007000415', '2017-12-24', '2017-12-24', '2017-12-25', NULL);
INSERT INTO `ordertracking` VALUES ('202107080007000416', '2017-12-22', '2017-12-22', '2017-12-23', NULL);
INSERT INTO `ordertracking` VALUES ('202107080007000417', '2017-12-25', '2017-12-25', '2017-12-27', NULL);
INSERT INTO `ordertracking` VALUES ('202107080007000418', '2017-12-24', '2017-12-24', '2017-12-26', NULL);
INSERT INTO `ordertracking` VALUES ('202107080007000419', '2017-12-22', '2017-12-22', '2017-12-23', NULL);
INSERT INTO `ordertracking` VALUES ('202107080007000420', '2017-12-26', '2017-12-26', '2017-12-29', NULL);
INSERT INTO `ordertracking` VALUES ('202107080007000421', '2017-12-27', '2017-12-27', '2017-12-30', NULL);
INSERT INTO `ordertracking` VALUES ('202107080007000422', '2017-12-24', '2017-12-24', '2017-12-26', NULL);
INSERT INTO `ordertracking` VALUES ('202107080007000423', '2017-12-25', '2017-12-25', '2017-12-27', NULL);
INSERT INTO `ordertracking` VALUES ('202107080007000424', '2017-12-27', '2017-12-27', '2017-12-29', NULL);
INSERT INTO `ordertracking` VALUES ('202107080007000425', '2017-12-27', '2017-12-27', '2017-12-28', NULL);
INSERT INTO `ordertracking` VALUES ('202107080007000426', '2017-12-24', '2017-12-24', '2017-12-26', NULL);
INSERT INTO `ordertracking` VALUES ('202107080007000427', '2017-12-23', '2017-12-23', '2017-12-24', NULL);
INSERT INTO `ordertracking` VALUES ('202107080007000428', '2017-12-23', '2017-12-23', '2017-12-25', NULL);
INSERT INTO `ordertracking` VALUES ('202107080007000429', '2017-12-24', '2017-12-24', '2017-12-26', NULL);
INSERT INTO `ordertracking` VALUES ('202107080007000430', '2017-12-27', '2017-12-27', '2017-12-28', NULL);
INSERT INTO `ordertracking` VALUES ('202107080007000431', '2017-12-25', '2017-12-25', '2017-12-26', NULL);
INSERT INTO `ordertracking` VALUES ('202107080007000432', '2017-12-27', '2017-12-27', '2017-12-30', NULL);
INSERT INTO `ordertracking` VALUES ('202107080007000433', '2017-12-22', '2017-12-22', '2017-12-23', NULL);
INSERT INTO `ordertracking` VALUES ('202107080007000434', '2017-12-23', '2017-12-23', '2017-12-24', NULL);
INSERT INTO `ordertracking` VALUES ('202107080007000435', '2017-12-26', '2017-12-26', '2017-12-28', NULL);
INSERT INTO `ordertracking` VALUES ('202107080007000436', '2017-12-26', '2017-12-26', '2017-12-27', NULL);
INSERT INTO `ordertracking` VALUES ('202107080007000437', '2017-12-25', '2017-12-25', '2017-12-28', NULL);
INSERT INTO `ordertracking` VALUES ('202107080007000438', '2017-12-27', '2017-12-27', '2017-12-28', NULL);
INSERT INTO `ordertracking` VALUES ('202107080007000439', '2017-12-27', '2017-12-27', '2017-12-30', NULL);
INSERT INTO `ordertracking` VALUES ('202107080007000440', '2017-12-28', '2017-12-28', '2017-12-29', NULL);
INSERT INTO `ordertracking` VALUES ('202107080007000441', '2017-12-25', '2017-12-25', '2017-12-26', NULL);
INSERT INTO `ordertracking` VALUES ('202107080007000442', '2017-12-24', '2017-12-24', '2017-12-27', NULL);
INSERT INTO `ordertracking` VALUES ('202107080007000443', '2017-12-28', '2017-12-28', '2017-12-29', NULL);
INSERT INTO `ordertracking` VALUES ('202107080007000444', '2017-12-24', '2017-12-24', '2017-12-27', NULL);
INSERT INTO `ordertracking` VALUES ('202107080007000445', '2017-12-28', '2017-12-28', '2017-12-30', NULL);
INSERT INTO `ordertracking` VALUES ('202107080007000446', '2017-12-23', '2017-12-23', '2017-12-25', NULL);
INSERT INTO `ordertracking` VALUES ('202107080007000447', '2017-12-28', '2017-12-28', '2017-12-31', NULL);
INSERT INTO `ordertracking` VALUES ('202107080007000448', '2017-12-28', '2017-12-28', '2017-12-29', NULL);
INSERT INTO `ordertracking` VALUES ('202107080007000449', '2017-12-28', '2017-12-28', '2017-12-31', NULL);
INSERT INTO `ordertracking` VALUES ('202107080007000450', '2017-12-23', '2017-12-23', '2017-12-24', NULL);
INSERT INTO `ordertracking` VALUES ('202107080007000451', '2017-12-25', '2017-12-25', '2017-12-28', NULL);
INSERT INTO `ordertracking` VALUES ('202107080007000452', '2017-12-25', '2017-12-25', '2017-12-28', NULL);
INSERT INTO `ordertracking` VALUES ('202107080007000453', '2017-12-28', '2017-12-28', '2017-12-29', NULL);
INSERT INTO `ordertracking` VALUES ('202107080007000454', '2017-12-28', '2017-12-28', '2017-12-31', NULL);
INSERT INTO `ordertracking` VALUES ('202107080007000455', '2017-12-28', '2017-12-28', '2017-12-31', NULL);
INSERT INTO `ordertracking` VALUES ('202107080007000456', '2017-12-24', '2017-12-24', '2017-12-26', NULL);
INSERT INTO `ordertracking` VALUES ('202107080007000457', '2017-12-24', '2017-12-24', '2017-12-25', NULL);
INSERT INTO `ordertracking` VALUES ('202107080007000458', '2017-12-27', '2017-12-27', '2017-12-28', NULL);
INSERT INTO `ordertracking` VALUES ('202107080007000459', '2017-12-23', '2017-12-23', '2017-12-25', NULL);
INSERT INTO `ordertracking` VALUES ('202107080007000460', '2017-12-23', '2017-12-23', '2017-12-26', NULL);
INSERT INTO `ordertracking` VALUES ('202107080007000461', '2017-12-25', '2017-12-25', '2017-12-28', NULL);
INSERT INTO `ordertracking` VALUES ('202107080007000462', '2017-12-27', '2017-12-27', '2017-12-28', NULL);
INSERT INTO `ordertracking` VALUES ('202107080007000463', '2017-12-29', '2017-12-29', '2017-12-31', NULL);
INSERT INTO `ordertracking` VALUES ('202107080007000464', '2017-12-24', '2017-12-24', '2017-12-27', NULL);
INSERT INTO `ordertracking` VALUES ('202107080007000465', '2017-12-28', '2017-12-28', '2017-12-29', NULL);
INSERT INTO `ordertracking` VALUES ('202107080007000466', '2017-12-29', '2017-12-29', '2017-12-31', NULL);
INSERT INTO `ordertracking` VALUES ('202107080007000467', '2017-12-25', '2017-12-25', '2017-12-26', NULL);
INSERT INTO `ordertracking` VALUES ('202107080007000468', '2017-12-26', '2017-12-26', '2017-12-29', NULL);
INSERT INTO `ordertracking` VALUES ('202107080007000469', '2017-12-27', '2017-12-27', '2017-12-29', NULL);
INSERT INTO `ordertracking` VALUES ('202107080007000470', '2017-12-29', '2017-12-29', '2017-12-30', NULL);
INSERT INTO `ordertracking` VALUES ('202107080007000471', '2017-12-29', '2017-12-29', '2017-12-30', NULL);
INSERT INTO `ordertracking` VALUES ('202107080007000472', '2017-12-29', '2017-12-29', '2017-12-31', NULL);
INSERT INTO `ordertracking` VALUES ('202107080007000473', '2017-12-26', '2017-12-26', '2017-12-28', NULL);
INSERT INTO `ordertracking` VALUES ('202107080007000474', '2017-12-26', '2017-12-26', '2017-12-28', NULL);
INSERT INTO `ordertracking` VALUES ('202107080007000475', '2017-12-28', '2017-12-28', '2017-12-29', NULL);
INSERT INTO `ordertracking` VALUES ('202107080007000476', '2017-12-26', '2017-12-26', '2017-12-28', NULL);
INSERT INTO `ordertracking` VALUES ('202107080007000477', '2017-12-24', '2017-12-24', '2017-12-27', NULL);
INSERT INTO `ordertracking` VALUES ('202107080007000478', '2017-12-29', '2017-12-29', '2017-12-30', NULL);
INSERT INTO `ordertracking` VALUES ('202107080007000479', '2017-12-26', '2017-12-26', '2017-12-28', NULL);
INSERT INTO `ordertracking` VALUES ('202107080007000480', '2017-12-26', '2017-12-26', '2017-12-27', NULL);
INSERT INTO `ordertracking` VALUES ('202107080007000481', '2017-12-27', '2017-12-27', '2017-12-30', NULL);
INSERT INTO `ordertracking` VALUES ('202107080007000482', '2017-12-26', '2017-12-26', '2017-12-27', NULL);
INSERT INTO `ordertracking` VALUES ('202107080007000483', '2017-12-27', '2017-12-27', '2017-12-30', NULL);
INSERT INTO `ordertracking` VALUES ('202107080007000484', '2017-12-27', '2017-12-27', '2017-12-30', NULL);
INSERT INTO `ordertracking` VALUES ('202107080007000485', '2017-12-30', '2017-12-30', '2018-01-01', NULL);
INSERT INTO `ordertracking` VALUES ('202107080007000486', '2017-12-30', '2017-12-30', '2018-01-01', NULL);
INSERT INTO `ordertracking` VALUES ('202107080007000487', '2017-12-29', '2017-12-29', '2017-12-31', NULL);
INSERT INTO `ordertracking` VALUES ('202107080007000488', '2017-12-27', '2017-12-27', '2017-12-28', NULL);
INSERT INTO `ordertracking` VALUES ('202107080007000489', '2017-12-30', '2017-12-30', '2018-01-02', NULL);
INSERT INTO `ordertracking` VALUES ('202107080007000490', '2017-12-28', '2017-12-28', '2017-12-29', NULL);
INSERT INTO `ordertracking` VALUES ('202107080007000491', '2017-12-25', '2017-12-25', '2017-12-27', NULL);
INSERT INTO `ordertracking` VALUES ('202107080007000492', '2017-12-29', '2017-12-29', '2017-12-30', NULL);
INSERT INTO `ordertracking` VALUES ('202107080007000493', '2017-12-25', '2017-12-25', '2017-12-28', NULL);
INSERT INTO `ordertracking` VALUES ('202107080007000494', '2017-12-25', '2017-12-25', '2017-12-26', NULL);
INSERT INTO `ordertracking` VALUES ('202107080007000495', '2017-12-27', '2017-12-27', '2017-12-30', NULL);
INSERT INTO `ordertracking` VALUES ('202107080007000496', '2017-12-27', '2017-12-27', '2017-12-29', NULL);
INSERT INTO `ordertracking` VALUES ('202107080007000497', '2017-12-27', '2017-12-27', '2017-12-30', NULL);
INSERT INTO `ordertracking` VALUES ('202107080007000498', '2017-12-25', '2017-12-25', '2017-12-26', NULL);
INSERT INTO `ordertracking` VALUES ('202107080007000499', '2017-12-30', '2017-12-30', '2018-01-02', NULL);
INSERT INTO `ordertracking` VALUES ('202107080007000500', '2017-12-26', '2017-12-26', '2017-12-27', NULL);
INSERT INTO `ordertracking` VALUES ('202107080007000501', '2017-12-28', '2017-12-28', '2017-12-30', NULL);
INSERT INTO `ordertracking` VALUES ('202107080007000502', '2017-12-27', '2017-12-27', '2017-12-28', NULL);
INSERT INTO `ordertracking` VALUES ('202107080007000503', '2017-12-27', '2017-12-27', '2017-12-28', NULL);
INSERT INTO `ordertracking` VALUES ('202107080007000504', '2017-12-29', '2017-12-29', '2017-12-30', NULL);
INSERT INTO `ordertracking` VALUES ('202107080007000505', '2017-12-30', '2017-12-30', '2018-01-01', NULL);
INSERT INTO `ordertracking` VALUES ('202107080007000506', '2017-12-30', '2017-12-30', '2018-01-01', NULL);
INSERT INTO `ordertracking` VALUES ('202107080007000507', '2017-12-26', '2017-12-26', '2017-12-28', NULL);
INSERT INTO `ordertracking` VALUES ('202107080007000508', '2017-12-29', '2017-12-29', '2017-12-31', NULL);
INSERT INTO `ordertracking` VALUES ('202107080007000509', '2017-12-28', '2017-12-28', '2017-12-30', NULL);
INSERT INTO `ordertracking` VALUES ('202107080007000510', '2017-12-30', '2017-12-30', '2017-12-31', NULL);
INSERT INTO `ordertracking` VALUES ('202107080007000511', '2017-12-28', '2017-12-28', '2017-12-30', NULL);
INSERT INTO `ordertracking` VALUES ('202107080007000512', '2017-12-29', '2017-12-29', '2017-12-31', NULL);
INSERT INTO `ordertracking` VALUES ('202107080007000513', '2017-12-29', '2017-12-29', '2017-12-31', NULL);
INSERT INTO `ordertracking` VALUES ('202107080007000514', '2017-12-29', '2017-12-29', '2018-01-01', NULL);
INSERT INTO `ordertracking` VALUES ('202107080007000515', '2017-12-29', '2017-12-29', '2017-12-30', NULL);
INSERT INTO `ordertracking` VALUES ('202107080007000516', '2017-12-26', '2017-12-26', '2017-12-29', NULL);
INSERT INTO `ordertracking` VALUES ('202107080007000517', '2017-12-30', '2017-12-30', '2018-01-02', NULL);
INSERT INTO `ordertracking` VALUES ('202107080007000518', '2017-12-30', '2017-12-30', '2017-12-31', NULL);
INSERT INTO `ordertracking` VALUES ('202107080007000519', '2017-12-26', '2017-12-26', '2017-12-29', NULL);
INSERT INTO `ordertracking` VALUES ('202107080007000520', '2017-12-29', '2017-12-29', '2017-12-31', NULL);
INSERT INTO `ordertracking` VALUES ('202107080007000521', '2017-12-29', '2017-12-29', '2017-12-31', NULL);
INSERT INTO `ordertracking` VALUES ('202107080007000522', '2017-12-29', '2017-12-29', '2018-01-01', NULL);
INSERT INTO `ordertracking` VALUES ('202107080007000523', '2017-12-30', '2017-12-30', '2018-01-02', NULL);
INSERT INTO `ordertracking` VALUES ('202107080007000524', '2017-12-30', '2017-12-30', '2018-01-02', NULL);
INSERT INTO `ordertracking` VALUES ('202107080007000525', '2017-12-27', '2017-12-27', '2017-12-30', NULL);
INSERT INTO `ordertracking` VALUES ('202107080007000526', '2017-12-27', '2017-12-27', '2017-12-29', NULL);
INSERT INTO `ordertracking` VALUES ('202107080007000527', '2017-12-27', '2017-12-27', '2017-12-30', NULL);
INSERT INTO `ordertracking` VALUES ('202107080007000528', '2017-12-29', '2017-12-29', '2017-12-31', NULL);
INSERT INTO `ordertracking` VALUES ('202107080007000529', '2017-12-29', '2017-12-29', '2017-12-31', NULL);
INSERT INTO `ordertracking` VALUES ('202107080007000530', '2017-12-30', '2017-12-30', '2017-12-31', NULL);
INSERT INTO `ordertracking` VALUES ('202107080007000531', '2017-12-28', '2017-12-28', '2017-12-31', NULL);
INSERT INTO `ordertracking` VALUES ('202107080007000532', '2017-12-29', '2017-12-29', '2017-12-30', NULL);
INSERT INTO `ordertracking` VALUES ('202107080007000533', '2017-12-29', '2017-12-29', '2017-12-31', NULL);
INSERT INTO `ordertracking` VALUES ('202107080007000534', '2017-12-30', '2017-12-30', '2018-01-02', NULL);
INSERT INTO `ordertracking` VALUES ('202107080007000535', '2017-12-31', '2017-12-31', '2018-01-01', NULL);
INSERT INTO `ordertracking` VALUES ('202107080007000536', '2017-12-27', '2017-12-27', '2017-12-30', NULL);
INSERT INTO `ordertracking` VALUES ('202107080007000537', '2017-12-31', '2017-12-31', '2018-01-02', NULL);
INSERT INTO `ordertracking` VALUES ('202107080007000538', '2017-12-28', '2017-12-28', '2017-12-30', NULL);
INSERT INTO `ordertracking` VALUES ('202107080007000539', '2017-12-30', '2017-12-30', '2018-01-02', NULL);
INSERT INTO `ordertracking` VALUES ('202107080007000540', '2017-12-29', '2017-12-29', '2017-12-30', NULL);
INSERT INTO `ordertracking` VALUES ('202107080007000541', '2017-12-30', '2017-12-30', '2018-01-01', NULL);
INSERT INTO `ordertracking` VALUES ('202107080007000542', '2017-12-31', '2017-12-31', '2018-01-01', NULL);
INSERT INTO `ordertracking` VALUES ('202107080007000543', '2017-12-31', '2017-12-31', '2018-01-01', NULL);
INSERT INTO `ordertracking` VALUES ('202107080007000544', '2017-12-30', '2017-12-30', '2018-01-02', NULL);
INSERT INTO `ordertracking` VALUES ('202107080007000545', '2017-12-29', '2017-12-29', '2018-01-01', NULL);
INSERT INTO `ordertracking` VALUES ('202107080007000546', '2018-01-01', '2018-01-01', '2018-01-04', NULL);
INSERT INTO `ordertracking` VALUES ('202107080007000547', '2017-12-30', '2017-12-30', '2018-01-02', NULL);
INSERT INTO `ordertracking` VALUES ('202107080007000548', '2017-12-28', '2017-12-28', '2017-12-29', NULL);
INSERT INTO `ordertracking` VALUES ('202107080007000549', '2017-12-30', '2017-12-30', '2017-12-31', NULL);
INSERT INTO `ordertracking` VALUES ('202107080007000550', '2017-12-30', '2017-12-30', '2017-12-31', NULL);
INSERT INTO `ordertracking` VALUES ('202107080007000551', '2017-12-29', '2017-12-29', '2018-01-01', NULL);
INSERT INTO `ordertracking` VALUES ('202107080007000552', '2017-12-30', '2017-12-30', '2017-12-31', NULL);
INSERT INTO `ordertracking` VALUES ('202107080007000553', '2017-12-30', '2017-12-30', '2018-01-02', NULL);
INSERT INTO `ordertracking` VALUES ('202107080007000554', '2017-12-31', '2017-12-31', '2018-01-01', NULL);
INSERT INTO `ordertracking` VALUES ('202107080007000555', '2017-12-29', '2017-12-29', '2018-01-01', NULL);
INSERT INTO `ordertracking` VALUES ('202107080007000556', '2017-12-30', '2017-12-30', '2018-01-01', NULL);
INSERT INTO `ordertracking` VALUES ('202107080007000557', '2017-12-29', '2017-12-29', '2017-12-31', NULL);
INSERT INTO `ordertracking` VALUES ('202107080007000558', '2017-12-30', '2017-12-30', '2018-01-01', NULL);
INSERT INTO `ordertracking` VALUES ('202107080007000559', '2018-01-01', '2018-01-01', '2018-01-02', NULL);
INSERT INTO `ordertracking` VALUES ('202107080007000560', '2017-12-31', '2017-12-31', '2018-01-03', NULL);
INSERT INTO `ordertracking` VALUES ('202107080007000561', '2018-01-01', '2018-01-01', '2018-01-03', NULL);
INSERT INTO `ordertracking` VALUES ('202107080007000562', '2018-01-01', '2018-01-01', '2018-01-04', NULL);
INSERT INTO `ordertracking` VALUES ('202107080007000563', '2017-12-30', '2017-12-30', '2018-01-02', NULL);
INSERT INTO `ordertracking` VALUES ('202107080007000564', '2018-01-01', '2018-01-01', '2018-01-03', NULL);
INSERT INTO `ordertracking` VALUES ('202107080007000565', '2017-12-31', '2017-12-31', '2018-01-02', NULL);
INSERT INTO `ordertracking` VALUES ('202107080007000566', '2018-01-01', '2018-01-01', '2018-01-04', NULL);
INSERT INTO `ordertracking` VALUES ('202107080007000567', '2017-12-29', '2017-12-29', '2018-01-01', NULL);
INSERT INTO `ordertracking` VALUES ('202107080007000568', '2017-12-31', '2017-12-31', '2018-01-02', NULL);
INSERT INTO `ordertracking` VALUES ('202107080007000569', '2018-01-01', '2018-01-01', '2018-01-03', NULL);
INSERT INTO `ordertracking` VALUES ('202107080007000570', '2017-12-31', '2017-12-31', '2018-01-03', NULL);
INSERT INTO `ordertracking` VALUES ('202107080007000571', '2018-01-01', '2018-01-01', '2018-01-03', NULL);
INSERT INTO `ordertracking` VALUES ('202107080007000572', '2018-01-01', '2018-01-01', '2018-01-02', NULL);
INSERT INTO `ordertracking` VALUES ('202107080007000573', '2017-12-31', '2017-12-31', '2018-01-03', NULL);
INSERT INTO `ordertracking` VALUES ('202107080007000574', '2017-12-31', '2017-12-31', '2018-01-02', NULL);
INSERT INTO `ordertracking` VALUES ('202107080007000575', '2018-01-01', '2018-01-01', '2018-01-03', NULL);
INSERT INTO `ordertracking` VALUES ('202107080007000576', '2017-12-30', '2017-12-30', '2017-12-31', NULL);
INSERT INTO `ordertracking` VALUES ('202107080007000577', '2017-12-29', '2017-12-29', '2017-12-31', NULL);
INSERT INTO `ordertracking` VALUES ('202107080007000578', '2017-12-31', '2017-12-31', '2018-01-01', NULL);
INSERT INTO `ordertracking` VALUES ('202107080007000579', '2018-01-01', '2018-01-01', '2018-01-04', NULL);
INSERT INTO `ordertracking` VALUES ('202107080007000580', '2018-01-01', '2018-01-01', '2018-01-03', NULL);
INSERT INTO `ordertracking` VALUES ('202107080007000581', '2017-12-30', '2017-12-30', '2017-12-31', NULL);
INSERT INTO `ordertracking` VALUES ('202107080007000582', '2018-01-01', '2018-01-01', '2018-01-04', NULL);
INSERT INTO `ordertracking` VALUES ('202107080007000583', '2018-01-01', '2018-01-01', '2018-01-04', NULL);
INSERT INTO `ordertracking` VALUES ('202107080007000584', '2018-01-01', '2018-01-01', '2018-01-02', NULL);
INSERT INTO `ordertracking` VALUES ('202107080007000585', '2017-12-30', '2017-12-30', '2018-01-01', NULL);
INSERT INTO `ordertracking` VALUES ('202107080007000586', '2018-01-02', '2018-01-02', '2018-01-04', NULL);
INSERT INTO `ordertracking` VALUES ('202107080007000587', '2018-01-01', '2018-01-01', '2018-01-03', NULL);
INSERT INTO `ordertracking` VALUES ('202107080007000588', '2018-01-02', '2018-01-02', '2018-01-04', NULL);
INSERT INTO `ordertracking` VALUES ('202107080007000589', '2018-01-02', '2018-01-02', '2018-01-04', NULL);
INSERT INTO `ordertracking` VALUES ('202107080007000590', '2017-12-30', '2017-12-30', '2018-01-01', NULL);
INSERT INTO `ordertracking` VALUES ('202107080007000591', '2018-01-02', '2018-01-02', '2018-01-05', NULL);
INSERT INTO `ordertracking` VALUES ('202107080007000592', '2017-12-30', '2017-12-30', '2018-01-01', NULL);
INSERT INTO `ordertracking` VALUES ('202107080007000593', '2017-12-31', '2017-12-31', '2018-01-02', NULL);
INSERT INTO `ordertracking` VALUES ('202107080007000594', '2018-01-01', '2018-01-01', '2018-01-04', NULL);
INSERT INTO `ordertracking` VALUES ('202107080007000595', '2018-01-01', '2018-01-01', '2018-01-02', NULL);
INSERT INTO `ordertracking` VALUES ('202107080007000596', '2017-12-31', '2017-12-31', '2018-01-01', NULL);
INSERT INTO `ordertracking` VALUES ('202107080007000597', '2018-01-02', '2018-01-02', '2018-01-03', NULL);
INSERT INTO `ordertracking` VALUES ('202107080007000598', '2018-01-02', '2018-01-02', '2018-01-03', NULL);
INSERT INTO `ordertracking` VALUES ('202107080007000599', '2017-12-31', '2017-12-31', '2018-01-01', NULL);
INSERT INTO `ordertracking` VALUES ('202107080007000600', '2017-12-31', '2017-12-31', '2018-01-01', NULL);
INSERT INTO `ordertracking` VALUES ('202107080007000601', '2017-12-30', '2017-12-30', '2017-12-31', NULL);
INSERT INTO `ordertracking` VALUES ('202107080007000602', '2018-01-02', '2018-01-02', '2018-01-03', NULL);
INSERT INTO `ordertracking` VALUES ('202107080007000603', '2018-01-02', '2018-01-02', '2018-01-03', NULL);
INSERT INTO `ordertracking` VALUES ('202107080007000604', '2017-12-31', '2017-12-31', '2018-01-03', NULL);
INSERT INTO `ordertracking` VALUES ('202107080007000605', '2018-01-02', '2018-01-02', '2018-01-04', NULL);
INSERT INTO `ordertracking` VALUES ('202107080007000606', '2018-01-02', '2018-01-02', '2018-01-05', NULL);
INSERT INTO `ordertracking` VALUES ('202107080007000607', '2018-01-01', '2018-01-01', '2018-01-04', NULL);
INSERT INTO `ordertracking` VALUES ('202107080007000608', '2018-01-03', '2018-01-03', '2018-01-06', NULL);
INSERT INTO `ordertracking` VALUES ('202107080007000609', '2018-01-01', '2018-01-01', '2018-01-03', NULL);
INSERT INTO `ordertracking` VALUES ('202107080007000610', '2018-01-02', '2018-01-02', '2018-01-05', NULL);
INSERT INTO `ordertracking` VALUES ('202107080007000611', '2018-01-01', '2018-01-01', '2018-01-04', NULL);
INSERT INTO `ordertracking` VALUES ('202107080007000612', '2018-01-01', '2018-01-01', '2018-01-04', NULL);
INSERT INTO `ordertracking` VALUES ('202107080007000613', '2018-01-03', '2018-01-03', '2018-01-04', NULL);
INSERT INTO `ordertracking` VALUES ('202107080007000614', '2018-01-01', '2018-01-01', '2018-01-02', NULL);
INSERT INTO `ordertracking` VALUES ('202107080007000615', '2018-01-03', '2018-01-03', '2018-01-06', NULL);
INSERT INTO `ordertracking` VALUES ('202107080007000616', '2018-01-02', '2018-01-02', '2018-01-05', NULL);
INSERT INTO `ordertracking` VALUES ('202107080007000617', '2018-01-03', '2018-01-03', '2018-01-06', NULL);
INSERT INTO `ordertracking` VALUES ('202107080007000618', '2018-01-02', '2018-01-02', '2018-01-03', NULL);
INSERT INTO `ordertracking` VALUES ('202107080007000619', '2018-01-02', '2018-01-02', '2018-01-04', NULL);
INSERT INTO `ordertracking` VALUES ('202107080007000620', '2018-01-03', '2018-01-03', '2018-01-04', NULL);
INSERT INTO `ordertracking` VALUES ('202107080007000621', '2018-01-02', '2018-01-02', '2018-01-05', NULL);
INSERT INTO `ordertracking` VALUES ('202107080007000622', '2018-01-03', '2018-01-03', '2018-01-06', NULL);
INSERT INTO `ordertracking` VALUES ('202107080007000623', '2018-01-03', '2018-01-03', '2018-01-06', NULL);
INSERT INTO `ordertracking` VALUES ('202107080007000624', '2018-01-02', '2018-01-02', '2018-01-03', NULL);
INSERT INTO `ordertracking` VALUES ('202107080007000625', '2018-01-03', '2018-01-03', '2018-01-05', NULL);
INSERT INTO `ordertracking` VALUES ('202107080007000626', '2018-01-01', '2018-01-01', '2018-01-02', NULL);
INSERT INTO `ordertracking` VALUES ('202107080007000627', '2018-01-03', '2018-01-03', '2018-01-04', NULL);
INSERT INTO `ordertracking` VALUES ('202107080007000628', '2018-01-03', '2018-01-03', '2018-01-04', NULL);
INSERT INTO `ordertracking` VALUES ('202107080007000629', '2018-01-03', '2018-01-03', '2018-01-05', NULL);
INSERT INTO `ordertracking` VALUES ('202107080007000630', '2018-01-03', '2018-01-03', '2018-01-04', NULL);
INSERT INTO `ordertracking` VALUES ('202107080007000631', '2018-01-02', '2018-01-02', '2018-01-03', NULL);
INSERT INTO `ordertracking` VALUES ('202107080007000632', '2018-01-03', '2018-01-03', '2018-01-05', NULL);
INSERT INTO `ordertracking` VALUES ('202107080007000633', '2018-01-01', '2018-01-01', '2018-01-03', NULL);
INSERT INTO `ordertracking` VALUES ('202107080007000634', '2018-01-02', '2018-01-02', '2018-01-04', NULL);
INSERT INTO `ordertracking` VALUES ('202107080007000635', '2018-01-04', '2018-01-04', '2018-01-07', NULL);
INSERT INTO `ordertracking` VALUES ('202107080007000636', '2018-01-02', '2018-01-02', '2018-01-04', NULL);
INSERT INTO `ordertracking` VALUES ('202107080007000637', '2018-01-03', '2018-01-03', '2018-01-05', NULL);
INSERT INTO `ordertracking` VALUES ('202107080007000638', '2018-01-03', '2018-01-03', '2018-01-05', NULL);
INSERT INTO `ordertracking` VALUES ('202107080007000639', '2018-01-04', '2018-01-04', '2018-01-05', NULL);
INSERT INTO `ordertracking` VALUES ('202107080007000640', '2018-01-03', '2018-01-03', '2018-01-06', NULL);
INSERT INTO `ordertracking` VALUES ('202107080007000641', '2018-01-04', '2018-01-04', '2018-01-05', NULL);
INSERT INTO `ordertracking` VALUES ('202107080007000642', '2018-01-03', '2018-01-03', '2018-01-05', NULL);
INSERT INTO `ordertracking` VALUES ('202107080007000643', '2018-01-03', '2018-01-03', '2018-01-05', NULL);
INSERT INTO `ordertracking` VALUES ('202107080007000644', '2018-01-03', '2018-01-03', '2018-01-06', NULL);
INSERT INTO `ordertracking` VALUES ('202107080007000645', '2018-01-03', '2018-01-03', '2018-01-06', NULL);
INSERT INTO `ordertracking` VALUES ('202107080007000646', '2018-01-02', '2018-01-02', '2018-01-05', NULL);
INSERT INTO `ordertracking` VALUES ('202107080007000647', '2018-01-02', '2018-01-02', '2018-01-05', NULL);
INSERT INTO `ordertracking` VALUES ('202107080007000648', '2018-01-04', '2018-01-04', '2018-01-05', NULL);
INSERT INTO `ordertracking` VALUES ('202107080007000649', '2018-01-03', '2018-01-03', '2018-01-06', NULL);
INSERT INTO `ordertracking` VALUES ('202107080007000650', '2018-01-03', '2018-01-03', '2018-01-05', NULL);
INSERT INTO `ordertracking` VALUES ('202107080007000651', '2018-01-04', '2018-01-04', '2018-01-06', NULL);
INSERT INTO `ordertracking` VALUES ('202107080007000652', '2018-01-02', '2018-01-02', '2018-01-03', NULL);
INSERT INTO `ordertracking` VALUES ('202107080007000653', '2018-01-04', '2018-01-04', '2018-01-06', NULL);
INSERT INTO `ordertracking` VALUES ('202107080007000654', '2018-01-02', '2018-01-02', '2018-01-05', NULL);
INSERT INTO `ordertracking` VALUES ('202107080007000655', '2018-01-03', '2018-01-03', '2018-01-06', NULL);
INSERT INTO `ordertracking` VALUES ('202107080007000656', '2018-01-04', '2018-01-04', '2018-01-06', NULL);
INSERT INTO `ordertracking` VALUES ('202107080007000657', '2018-01-04', '2018-01-04', '2018-01-06', NULL);
INSERT INTO `ordertracking` VALUES ('202107080007000658', '2018-01-03', '2018-01-03', '2018-01-06', NULL);
INSERT INTO `ordertracking` VALUES ('202107080007000659', '2018-01-04', '2018-01-04', '2018-01-05', NULL);
INSERT INTO `ordertracking` VALUES ('202107080007000660', '2018-01-04', '2018-01-04', '2018-01-07', NULL);
INSERT INTO `ordertracking` VALUES ('202107080007000661', '2018-01-04', '2018-01-04', '2018-01-05', NULL);
INSERT INTO `ordertracking` VALUES ('202107080007000662', '2018-01-04', '2018-01-04', '2018-01-07', NULL);
INSERT INTO `ordertracking` VALUES ('202107080007000663', '2018-01-03', '2018-01-03', '2018-01-05', NULL);
INSERT INTO `ordertracking` VALUES ('202107080007000664', '2018-01-04', '2018-01-04', '2018-01-05', NULL);
INSERT INTO `ordertracking` VALUES ('202107080007000665', '2018-01-04', '2018-01-04', '2018-01-05', NULL);
INSERT INTO `ordertracking` VALUES ('202107080007000666', '2018-01-05', '2018-01-05', '2018-01-07', NULL);
INSERT INTO `ordertracking` VALUES ('202107080007000667', '2018-01-04', '2018-01-04', '2018-01-05', NULL);
INSERT INTO `ordertracking` VALUES ('202107080007000668', '2018-01-04', '2018-01-04', '2018-01-06', NULL);
INSERT INTO `ordertracking` VALUES ('202107080007000669', '2018-01-03', '2018-01-03', '2018-01-04', NULL);
INSERT INTO `ordertracking` VALUES ('202107080007000670', '2018-01-04', '2018-01-04', '2018-01-06', NULL);
INSERT INTO `ordertracking` VALUES ('202107080007000671', '2018-01-05', '2018-01-05', '2018-01-07', NULL);
INSERT INTO `ordertracking` VALUES ('202107080007000672', '2018-01-05', '2018-01-05', '2018-01-08', NULL);
INSERT INTO `ordertracking` VALUES ('202107080007000673', '2018-01-04', '2018-01-04', '2018-01-07', NULL);
INSERT INTO `ordertracking` VALUES ('202107080007000674', '2018-01-04', '2018-01-04', '2018-01-07', NULL);
INSERT INTO `ordertracking` VALUES ('202107080007000675', '2018-01-04', '2018-01-04', '2018-01-07', NULL);
INSERT INTO `ordertracking` VALUES ('202107080007000676', '2018-01-04', '2018-01-04', '2018-01-06', NULL);
INSERT INTO `ordertracking` VALUES ('202107080007000677', '2018-01-05', '2018-01-05', '2018-01-08', NULL);
INSERT INTO `ordertracking` VALUES ('202107080007000678', '2018-01-05', '2018-01-05', '2018-01-07', NULL);
INSERT INTO `ordertracking` VALUES ('202107080007000679', '2018-01-05', '2018-01-05', '2018-01-06', NULL);
INSERT INTO `ordertracking` VALUES ('202107080007000680', '2018-01-05', '2018-01-05', '2018-01-07', NULL);
INSERT INTO `ordertracking` VALUES ('202107080007000681', '2018-01-04', '2018-01-04', '2018-01-06', NULL);
INSERT INTO `ordertracking` VALUES ('202107080007000682', '2018-01-05', '2018-01-05', '2018-01-06', NULL);
INSERT INTO `ordertracking` VALUES ('202107080007000683', '2018-01-05', '2018-01-05', '2018-01-06', NULL);
INSERT INTO `ordertracking` VALUES ('202107080007000684', '2018-01-05', '2018-01-05', '2018-01-06', NULL);
INSERT INTO `ordertracking` VALUES ('202107080007000685', '2018-01-05', '2018-01-05', '2018-01-07', NULL);
INSERT INTO `ordertracking` VALUES ('202107080007000686', '2018-01-05', '2018-01-05', '2018-01-06', NULL);
INSERT INTO `ordertracking` VALUES ('202107080007000687', '2018-01-04', '2018-01-04', '2018-01-07', NULL);
INSERT INTO `ordertracking` VALUES ('202107080007000688', '2018-01-05', '2018-01-05', '2018-01-06', NULL);
INSERT INTO `ordertracking` VALUES ('202107080007000689', '2018-01-05', '2018-01-05', '2018-01-08', NULL);
INSERT INTO `ordertracking` VALUES ('202107080007000690', '2018-01-05', '2018-01-05', '2018-01-08', NULL);
INSERT INTO `ordertracking` VALUES ('202107080007000691', '2018-01-05', '2018-01-05', '2018-01-06', NULL);
INSERT INTO `ordertracking` VALUES ('202107080007000692', '2018-01-04', '2018-01-04', '2018-01-06', NULL);
INSERT INTO `ordertracking` VALUES ('202107080007000693', '2018-01-05', '2018-01-05', '2018-01-07', NULL);
INSERT INTO `ordertracking` VALUES ('202107080007000694', '2018-01-04', '2018-01-04', '2018-01-05', NULL);
INSERT INTO `ordertracking` VALUES ('202107080007000695', '2018-01-05', '2018-01-05', '2018-01-07', NULL);
INSERT INTO `ordertracking` VALUES ('202107080007000696', '2018-01-05', '2018-01-05', '2018-01-07', NULL);
INSERT INTO `ordertracking` VALUES ('202107080007000697', '2018-01-06', '2018-01-06', '2018-01-09', NULL);
INSERT INTO `ordertracking` VALUES ('202107080007000698', '2018-01-06', '2018-01-06', '2018-01-07', NULL);
INSERT INTO `ordertracking` VALUES ('202107080007000699', '2018-01-06', '2018-01-06', '2018-01-08', NULL);
INSERT INTO `ordertracking` VALUES ('202107080007000700', '2018-01-06', '2018-01-06', '2018-01-09', NULL);
INSERT INTO `ordertracking` VALUES ('202107080007000701', '2018-01-05', '2018-01-05', '2018-01-06', NULL);
INSERT INTO `ordertracking` VALUES ('202107080007000702', '2018-01-05', '2018-01-05', '2018-01-07', NULL);
INSERT INTO `ordertracking` VALUES ('202107080007000703', '2018-01-05', '2018-01-05', '2018-01-06', NULL);
INSERT INTO `ordertracking` VALUES ('202107080007000704', '2018-01-06', '2018-01-06', '2018-01-08', NULL);
INSERT INTO `ordertracking` VALUES ('202107080007000705', '2018-01-05', '2018-01-05', '2018-01-07', NULL);
INSERT INTO `ordertracking` VALUES ('202107080007000706', '2018-01-05', '2018-01-05', '2018-01-08', NULL);
INSERT INTO `ordertracking` VALUES ('202107080007000707', '2018-01-06', '2018-01-06', '2018-01-09', NULL);
INSERT INTO `ordertracking` VALUES ('202107080007000708', '2018-01-06', '2018-01-06', '2018-01-07', NULL);
INSERT INTO `ordertracking` VALUES ('202107080007000709', '2018-01-06', '2018-01-06', '2018-01-07', NULL);
INSERT INTO `ordertracking` VALUES ('202107080007000710', '2018-01-05', '2018-01-05', '2018-01-06', NULL);
INSERT INTO `ordertracking` VALUES ('202107080007000711', '2018-01-06', '2018-01-06', '2018-01-08', NULL);
INSERT INTO `ordertracking` VALUES ('202107080007000712', '2018-01-06', '2018-01-06', '2018-01-08', NULL);
INSERT INTO `ordertracking` VALUES ('202107080007000713', '2018-01-05', '2018-01-05', '2018-01-07', NULL);
INSERT INTO `ordertracking` VALUES ('202107080007000714', '2018-01-06', '2018-01-06', '2018-01-07', NULL);
INSERT INTO `ordertracking` VALUES ('202107080007000715', '2018-01-06', '2018-01-06', '2018-01-07', NULL);
INSERT INTO `ordertracking` VALUES ('202107080007000716', '2018-01-06', '2018-01-06', '2018-01-07', NULL);
INSERT INTO `ordertracking` VALUES ('202107080007000717', '2018-01-06', '2018-01-06', '2018-01-08', NULL);
INSERT INTO `ordertracking` VALUES ('202107080007000718', '2018-01-06', '2018-01-06', '2018-01-08', NULL);
INSERT INTO `ordertracking` VALUES ('202107080007000719', '2018-01-05', '2018-01-05', '2018-01-06', NULL);
INSERT INTO `ordertracking` VALUES ('202107080007000720', '2018-01-07', '2018-01-07', '2018-01-08', NULL);
INSERT INTO `ordertracking` VALUES ('202107080007000721', '2018-01-05', '2018-01-05', '2018-01-07', NULL);
INSERT INTO `ordertracking` VALUES ('202107080007000722', '2018-01-06', '2018-01-06', '2018-01-08', NULL);
INSERT INTO `ordertracking` VALUES ('202107080007000723', '2018-01-06', '2018-01-06', '2018-01-08', NULL);
INSERT INTO `ordertracking` VALUES ('202107080007000724', '2018-01-06', '2018-01-06', '2018-01-08', NULL);
INSERT INTO `ordertracking` VALUES ('202107080007000725', '2018-01-06', '2018-01-06', '2018-01-07', NULL);
INSERT INTO `ordertracking` VALUES ('202107080007000726', '2018-01-06', '2018-01-06', '2018-01-09', NULL);
INSERT INTO `ordertracking` VALUES ('202107080007000727', '2018-01-06', '2018-01-06', '2018-01-07', NULL);
INSERT INTO `ordertracking` VALUES ('202107080007000728', '2018-01-06', '2018-01-06', '2018-01-09', NULL);
INSERT INTO `ordertracking` VALUES ('202107080007000729', '2018-01-07', '2018-01-07', '2018-01-09', NULL);
INSERT INTO `ordertracking` VALUES ('202107080007000730', '2018-01-06', '2018-01-06', '2018-01-09', NULL);
INSERT INTO `ordertracking` VALUES ('202107080007000731', '2018-01-07', '2018-01-07', '2018-01-09', NULL);
INSERT INTO `ordertracking` VALUES ('202107080007000732', '2018-01-06', '2018-01-06', '2018-01-09', NULL);
INSERT INTO `ordertracking` VALUES ('202107080007000733', '2018-01-07', '2018-01-07', '2018-01-09', NULL);
INSERT INTO `ordertracking` VALUES ('202107080007000734', '2018-01-07', '2018-01-07', '2018-01-09', NULL);
INSERT INTO `ordertracking` VALUES ('202107080007000735', '2018-01-07', '2018-01-07', '2018-01-09', NULL);
INSERT INTO `ordertracking` VALUES ('202107080007000736', '2018-01-07', '2018-01-07', '2018-01-08', NULL);
INSERT INTO `ordertracking` VALUES ('202107080007000737', '2018-01-07', '2018-01-07', '2018-01-09', NULL);
INSERT INTO `ordertracking` VALUES ('202107080007000738', '2018-01-07', '2018-01-07', '2018-01-09', NULL);
INSERT INTO `ordertracking` VALUES ('202107080007000739', '2018-01-07', '2018-01-07', '2018-01-09', NULL);
INSERT INTO `ordertracking` VALUES ('202107080007000740', '2018-01-07', '2018-01-07', '2018-01-08', NULL);
INSERT INTO `ordertracking` VALUES ('202107080007000741', '2018-01-07', '2018-01-07', '2018-01-09', NULL);
INSERT INTO `ordertracking` VALUES ('202107080007000742', '2018-01-07', '2018-01-07', '2018-01-08', NULL);
INSERT INTO `ordertracking` VALUES ('202107080007000743', '2018-01-07', '2018-01-07', '2018-01-08', NULL);
INSERT INTO `ordertracking` VALUES ('202107080007000744', '2018-01-07', '2018-01-07', '2018-01-09', NULL);
INSERT INTO `ordertracking` VALUES ('202107080007000745', '2018-01-07', '2018-01-07', '2018-01-09', NULL);
INSERT INTO `ordertracking` VALUES ('202107080007000746', '2018-01-08', '2018-01-08', '2018-01-09', NULL);
INSERT INTO `ordertracking` VALUES ('202107080007000747', '2018-01-07', '2018-01-07', '2018-01-08', NULL);
INSERT INTO `ordertracking` VALUES ('202107080007000748', '2018-01-07', '2018-01-07', '2018-01-08', NULL);
INSERT INTO `ordertracking` VALUES ('202107080007000749', '2018-01-07', '2018-01-07', '2018-01-08', NULL);
INSERT INTO `ordertracking` VALUES ('202107080007000750', '2018-01-07', '2018-01-07', '2018-01-09', NULL);
INSERT INTO `ordertracking` VALUES ('202107080007000751', '2018-01-08', '2018-01-08', '2018-01-09', NULL);
INSERT INTO `ordertracking` VALUES ('202107080007000752', '2018-01-08', '2018-01-08', '2018-01-09', NULL);
INSERT INTO `ordertracking` VALUES ('202107080007000753', '2018-01-07', '2018-01-07', '2018-01-09', NULL);
INSERT INTO `ordertracking` VALUES ('202107080007000754', '2018-01-08', '2018-01-08', '2018-01-09', NULL);
INSERT INTO `ordertracking` VALUES ('202107080007000755', '2018-01-08', '2018-01-08', '2018-01-09', NULL);
INSERT INTO `ordertracking` VALUES ('202107080007000756', '2018-01-07', '2018-01-07', '2018-01-08', NULL);
INSERT INTO `ordertracking` VALUES ('202107080007000757', '2018-01-07', '2018-01-07', '2018-01-09', NULL);
INSERT INTO `ordertracking` VALUES ('202107080007000758', '2018-01-08', '2018-01-08', '2018-01-09', NULL);
INSERT INTO `ordertracking` VALUES ('202107080007000759', '2018-01-08', '2018-01-08', '2018-01-09', NULL);
INSERT INTO `ordertracking` VALUES ('202107080007000760', '2018-01-08', '2018-01-08', '2018-01-09', NULL);
INSERT INTO `ordertracking` VALUES ('202107080007000761', '2018-01-08', '2018-01-08', '2018-01-09', NULL);
INSERT INTO `ordertracking` VALUES ('202107080007000762', '2018-01-07', '2018-01-07', '2018-01-09', NULL);
INSERT INTO `ordertracking` VALUES ('202107080007000763', '2018-01-08', '2018-01-08', '2018-01-09', NULL);
INSERT INTO `ordertracking` VALUES ('202107080007000764', '2018-01-08', '2018-01-08', '2018-01-09', NULL);
INSERT INTO `ordertracking` VALUES ('202107080007000765', '2018-01-08', '2018-01-08', '2018-01-09', NULL);
INSERT INTO `ordertracking` VALUES ('202107080007000766', '2018-01-08', '2018-01-08', '2018-01-09', NULL);
INSERT INTO `ordertracking` VALUES ('202107080007000767', '2018-01-08', '2018-01-08', '2018-01-09', NULL);
INSERT INTO `ordertracking` VALUES ('202107080007000768', '2018-01-08', '2018-01-08', '2018-01-09', NULL);
INSERT INTO `ordertracking` VALUES ('202107080007000769', '2018-01-08', '2018-01-08', '2018-01-09', NULL);
INSERT INTO `ordertracking` VALUES ('202107080007000770', '2018-01-08', '2018-01-08', '2018-01-09', NULL);
INSERT INTO `ordertracking` VALUES ('202107080007000771', '2018-01-08', '2018-01-08', '2018-01-09', NULL);
INSERT INTO `ordertracking` VALUES ('202107080007000772', '2018-01-08', '2018-01-08', '2018-01-09', NULL);
INSERT INTO `ordertracking` VALUES ('202107080007000773', '2018-01-08', '2018-01-08', '2018-01-09', NULL);
INSERT INTO `ordertracking` VALUES ('202107080007000774', '2018-01-08', '2018-01-08', '2018-01-09', NULL);
INSERT INTO `ordertracking` VALUES ('202107080007000775', '2018-01-08', '2018-01-08', '2018-01-09', NULL);
INSERT INTO `ordertracking` VALUES ('202107080007000776', '2018-01-08', '2018-01-08', '2018-01-09', NULL);
INSERT INTO `ordertracking` VALUES ('202107080007000777', '2018-01-08', '2018-01-08', '2018-01-09', NULL);
INSERT INTO `ordertracking` VALUES ('202107080007000778', '2018-01-08', '2018-01-08', '2018-01-09', NULL);
INSERT INTO `ordertracking` VALUES ('202107080007000779', '2018-01-08', '2018-01-08', '2018-01-09', NULL);
INSERT INTO `ordertracking` VALUES ('202107080007000780', '2018-01-08', '2018-01-08', '2018-01-09', NULL);
INSERT INTO `ordertracking` VALUES ('202107080007000781', '2018-01-08', '2018-01-08', '2018-01-09', NULL);
INSERT INTO `ordertracking` VALUES ('202107080007000782', '2018-01-08', '2018-01-08', '2018-01-09', NULL);
INSERT INTO `ordertracking` VALUES ('202107080007000783', '2018-01-09', '2018-01-09', NULL, NULL);
INSERT INTO `ordertracking` VALUES ('202107080007000784', '2018-01-09', '2018-01-09', NULL, NULL);
INSERT INTO `ordertracking` VALUES ('202107080007000785', '2018-01-09', '2018-01-09', NULL, NULL);
INSERT INTO `ordertracking` VALUES ('202107080007000786', '2018-01-09', '2018-01-09', NULL, NULL);
INSERT INTO `ordertracking` VALUES ('202107080007000787', '2018-01-09', '2018-01-09', NULL, NULL);
INSERT INTO `ordertracking` VALUES ('202107080007000788', '2018-01-09', '2018-01-09', NULL, NULL);
INSERT INTO `ordertracking` VALUES ('202107080007000789', '2018-01-09', '2018-01-09', NULL, NULL);
INSERT INTO `ordertracking` VALUES ('202107080007000790', '2018-01-09', '2018-01-09', NULL, NULL);
INSERT INTO `ordertracking` VALUES ('202107080007000791', '2018-01-09', '2018-01-09', NULL, NULL);
INSERT INTO `ordertracking` VALUES ('202107080007000792', '2018-01-09', '2018-01-09', NULL, NULL);
INSERT INTO `ordertracking` VALUES ('202107080007000793', '2018-01-09', '2018-01-09', NULL, NULL);
INSERT INTO `ordertracking` VALUES ('202107080007000794', '2018-01-09', '2018-01-09', NULL, NULL);
INSERT INTO `ordertracking` VALUES ('202107080007000795', '2018-01-09', '2018-01-09', NULL, NULL);
INSERT INTO `ordertracking` VALUES ('202107080007000796', '2018-01-09', '2018-01-09', NULL, NULL);
INSERT INTO `ordertracking` VALUES ('202107080007000797', '2018-01-09', '2018-01-09', NULL, NULL);
INSERT INTO `ordertracking` VALUES ('202107080007000798', '2018-01-09', '2018-01-09', NULL, NULL);
INSERT INTO `ordertracking` VALUES ('202107080007000799', '2018-01-09', '2018-01-09', NULL, NULL);
INSERT INTO `ordertracking` VALUES ('202107080007000800', '2017-12-04', '2017-12-04', '2017-12-07', NULL);
INSERT INTO `ordertracking` VALUES ('2021070800July0001', '2017-12-04', '2017-12-04', '2017-12-07', NULL);

-- ----------------------------
-- Table structure for room
-- ----------------------------
DROP TABLE IF EXISTS `room`;
CREATE TABLE `room`  (
  `roomNumber` char(6) CHARACTER SET utf8 COLLATE utf8_bin NOT NULL,
  `roomType` varchar(32) CHARACTER SET utf8 COLLATE utf8_bin NOT NULL,
  `roomStatus` char(6) CHARACTER SET utf8 COLLATE utf8_bin NULL DEFAULT NULL,
  `remarks` varchar(32) CHARACTER SET utf8 COLLATE utf8_bin NULL DEFAULT NULL,
  PRIMARY KEY (`roomNumber`) USING BTREE,
  INDEX `indexRoomTypeStatus`(`roomType`, `roomStatus`) USING BTREE,
  CONSTRAINT `room_ibfk_1` FOREIGN KEY (`roomType`) REFERENCES `roomtypeandprice` (`roomType`) ON DELETE RESTRICT ON UPDATE RESTRICT
) ENGINE = InnoDB CHARACTER SET = utf8 COLLATE = utf8_bin ROW_FORMAT = Dynamic;

-- ----------------------------
-- Records of room
-- ----------------------------
INSERT INTO `room` VALUES ('000001', '大床房(单人/双人)', '非空', NULL);
INSERT INTO `room` VALUES ('000002', '大床房(单人/双人)', '非空', NULL);
INSERT INTO `room` VALUES ('000003', '标准间(单人)', '空', NULL);
INSERT INTO `room` VALUES ('000004', '标准间(双人)', '空', NULL);
INSERT INTO `room` VALUES ('000005', '高档套房(单人/双人)', '空', NULL);
INSERT INTO `room` VALUES ('000006', '高档套房(单人/双人)', '空', NULL);
INSERT INTO `room` VALUES ('000007', '大床房(单人/双人)', '非空', NULL);
INSERT INTO `room` VALUES ('000008', '高档套房(单人/双人)', '空', NULL);
INSERT INTO `room` VALUES ('000009', '标准间(单人)', '空', NULL);
INSERT INTO `room` VALUES ('000010', '标准间(双人)', '空', NULL);
INSERT INTO `room` VALUES ('000011', '高档套房(单人/双人)', '空', NULL);
INSERT INTO `room` VALUES ('000012', '大床房(单人/双人)', '空', NULL);
INSERT INTO `room` VALUES ('000013', '高档套房(单人/双人)', '非空', NULL);
INSERT INTO `room` VALUES ('000014', '大床房(单人/双人)', '空', NULL);
INSERT INTO `room` VALUES ('000015', '商务间(单人/双人)', '空', NULL);
INSERT INTO `room` VALUES ('000016', '标准间(单人)', '空', NULL);
INSERT INTO `room` VALUES ('000017', '标准间(单人)', '空', NULL);
INSERT INTO `room` VALUES ('000018', '标准间(双人)', '空', NULL);
INSERT INTO `room` VALUES ('000019', '标准间(双人)', '空', NULL);
INSERT INTO `room` VALUES ('000020', '高档套房(单人/双人)', '空', NULL);
INSERT INTO `room` VALUES ('000021', '高档套房(单人/双人)', '空', NULL);
INSERT INTO `room` VALUES ('000022', '标准间(单人)', '空', NULL);
INSERT INTO `room` VALUES ('000023', '标准间(单人)', '空', NULL);
INSERT INTO `room` VALUES ('000024', '标准间(单人)', '空', NULL);
INSERT INTO `room` VALUES ('000025', '商务间(单人/双人)', '空', NULL);
INSERT INTO `room` VALUES ('000026', '标准间(双人)', '非空', NULL);
INSERT INTO `room` VALUES ('000027', '标准间(双人)', '空', NULL);
INSERT INTO `room` VALUES ('000028', '大床房(单人/双人)', '空', NULL);
INSERT INTO `room` VALUES ('000029', '标准间(单人)', '空', NULL);
INSERT INTO `room` VALUES ('000030', '标准间(双人)', '空', NULL);
INSERT INTO `room` VALUES ('000031', '商务间(单人/双人)', '非空', NULL);
INSERT INTO `room` VALUES ('000032', '大床房(单人/双人)', '空', NULL);
INSERT INTO `room` VALUES ('000033', '商务间(单人/双人)', '空', NULL);
INSERT INTO `room` VALUES ('000034', '高档套房(单人/双人)', '空', NULL);
INSERT INTO `room` VALUES ('000035', '标准间(双人)', '空', NULL);
INSERT INTO `room` VALUES ('000036', '标准间(双人)', '空', NULL);
INSERT INTO `room` VALUES ('000037', '大床房(单人/双人)', '空', NULL);
INSERT INTO `room` VALUES ('000038', '标准间(双人)', '空', NULL);
INSERT INTO `room` VALUES ('000039', '商务间(单人/双人)', '空', NULL);
INSERT INTO `room` VALUES ('000040', '高档套房(单人/双人)', '空', NULL);
INSERT INTO `room` VALUES ('000041', '高档套房(单人/双人)', '空', NULL);
INSERT INTO `room` VALUES ('000042', '标准间(双人)', '非空', NULL);
INSERT INTO `room` VALUES ('000043', '商务间(单人/双人)', '空', NULL);
INSERT INTO `room` VALUES ('000044', '标准间(双人)', '空', NULL);
INSERT INTO `room` VALUES ('000045', '标准间(双人)', '空', NULL);
INSERT INTO `room` VALUES ('000046', '大床房(单人/双人)', '空', NULL);
INSERT INTO `room` VALUES ('000047', '大床房(单人/双人)', '空', NULL);
INSERT INTO `room` VALUES ('000048', '商务间(单人/双人)', '空', NULL);
INSERT INTO `room` VALUES ('000049', '标准间(单人)', '非空', NULL);
INSERT INTO `room` VALUES ('000050', '商务间(单人/双人)', '空', NULL);
INSERT INTO `room` VALUES ('000051', '高档套房(单人/双人)', '非空', NULL);
INSERT INTO `room` VALUES ('000052', '高档套房(单人/双人)', '非空', NULL);
INSERT INTO `room` VALUES ('000053', '大床房(单人/双人)', '空', NULL);
INSERT INTO `room` VALUES ('000054', '标准间(双人)', '非空', NULL);
INSERT INTO `room` VALUES ('000055', '标准间(单人)', '空', NULL);
INSERT INTO `room` VALUES ('000056', '标准间(双人)', '空', NULL);
INSERT INTO `room` VALUES ('000057', '大床房(单人/双人)', '空', NULL);
INSERT INTO `room` VALUES ('000058', '商务间(单人/双人)', '空', NULL);
INSERT INTO `room` VALUES ('000059', '大床房(单人/双人)', '空', NULL);
INSERT INTO `room` VALUES ('000060', '商务间(单人/双人)', '空', NULL);
INSERT INTO `room` VALUES ('000061', '高档套房(单人/双人)', '空', NULL);
INSERT INTO `room` VALUES ('000062', '标准间(双人)', '空', NULL);
INSERT INTO `room` VALUES ('000063', '大床房(单人/双人)', '空', NULL);
INSERT INTO `room` VALUES ('000064', '商务间(单人/双人)', '空', NULL);
INSERT INTO `room` VALUES ('000065', '大床房(单人/双人)', '空', NULL);
INSERT INTO `room` VALUES ('000066', '大床房(单人/双人)', '空', NULL);
INSERT INTO `room` VALUES ('000067', '标准间(单人)', '空', NULL);
INSERT INTO `room` VALUES ('000068', '标准间(双人)', '空', NULL);
INSERT INTO `room` VALUES ('000069', '标准间(单人)', '空', NULL);
INSERT INTO `room` VALUES ('000070', '高档套房(单人/双人)', '空', NULL);
INSERT INTO `room` VALUES ('000071', '商务间(单人/双人)', '空', NULL);
INSERT INTO `room` VALUES ('000072', '商务间(单人/双人)', '空', NULL);
INSERT INTO `room` VALUES ('000073', '高档套房(单人/双人)', '空', NULL);
INSERT INTO `room` VALUES ('000074', '标准间(双人)', '非空', NULL);
INSERT INTO `room` VALUES ('000075', '标准间(单人)', '空', NULL);
INSERT INTO `room` VALUES ('000076', '大床房(单人/双人)', '空', NULL);
INSERT INTO `room` VALUES ('000077', '大床房(单人/双人)', '空', NULL);
INSERT INTO `room` VALUES ('000078', '高档套房(单人/双人)', '空', NULL);
INSERT INTO `room` VALUES ('000079', '标准间(单人)', '空', NULL);
INSERT INTO `room` VALUES ('000080', '标准间(双人)', '空', NULL);
INSERT INTO `room` VALUES ('000081', '标准间(单人)', '非空', NULL);
INSERT INTO `room` VALUES ('000082', '大床房(单人/双人)', '空', NULL);
INSERT INTO `room` VALUES ('000083', '大床房(单人/双人)', '非空', NULL);
INSERT INTO `room` VALUES ('000084', '大床房(单人/双人)', '空', NULL);
INSERT INTO `room` VALUES ('000085', '大床房(单人/双人)', '空', NULL);
INSERT INTO `room` VALUES ('000086', '标准间(单人)', '空', NULL);
INSERT INTO `room` VALUES ('000087', '大床房(单人/双人)', '空', NULL);
INSERT INTO `room` VALUES ('000088', '标准间(双人)', '空', NULL);
INSERT INTO `room` VALUES ('000089', '商务间(单人/双人)', '空', NULL);
INSERT INTO `room` VALUES ('000090', '高档套房(单人/双人)', '非空', NULL);
INSERT INTO `room` VALUES ('000091', '标准间(双人)', '非空', NULL);
INSERT INTO `room` VALUES ('000092', '商务间(单人/双人)', '空', NULL);
INSERT INTO `room` VALUES ('000093', '商务间(单人/双人)', '空', NULL);
INSERT INTO `room` VALUES ('000094', '标准间(双人)', '空', NULL);
INSERT INTO `room` VALUES ('000095', '标准间(双人)', '空', NULL);
INSERT INTO `room` VALUES ('000096', '商务间(单人/双人)', '空', NULL);
INSERT INTO `room` VALUES ('000097', '高档套房(单人/双人)', '空', NULL);
INSERT INTO `room` VALUES ('000098', '商务间(单人/双人)', '空', NULL);
INSERT INTO `room` VALUES ('000099', '商务间(单人/双人)', '非空', NULL);
INSERT INTO `room` VALUES ('000100', '大床房(单人/双人)', '空', NULL);
INSERT INTO `room` VALUES ('000101', '大床房(单人/双人)', '空', NULL);
INSERT INTO `room` VALUES ('000102', '标准间(单人)', '空', NULL);
INSERT INTO `room` VALUES ('001188', '高档套房(单人/双人)', '空', NULL);
INSERT INTO `room` VALUES ('012341', '商务间(单人/双人)', '空', NULL);
INSERT INTO `room` VALUES ('100000', '商务间(单人/双人)', '空', '');
INSERT INTO `room` VALUES ('123422', '商务间(单人/双人)', '空', '');

-- ----------------------------
-- Table structure for roomtypeandprice
-- ----------------------------
DROP TABLE IF EXISTS `roomtypeandprice`;
CREATE TABLE `roomtypeandprice`  (
  `roomType` varchar(32) CHARACTER SET utf8 COLLATE utf8_bin NOT NULL,
  `price` int UNSIGNED NOT NULL,
  `desc` varchar(100) CHARACTER SET utf8 COLLATE utf8_bin NULL DEFAULT NULL,
  `url` varchar(40) CHARACTER SET utf8 COLLATE utf8_bin NULL DEFAULT NULL,
  PRIMARY KEY (`roomType`) USING BTREE,
  INDEX `indexRoomTypePrice`(`roomType`, `price`) USING BTREE
) ENGINE = InnoDB CHARACTER SET = utf8 COLLATE = utf8_bin ROW_FORMAT = Dynamic;

-- ----------------------------
-- Records of roomtypeandprice
-- ----------------------------
INSERT INTO `roomtypeandprice` VALUES ('商务间(单人/双人)', 318, '房间18-20㎡ | 大床1.8米 | 楼层：2层-4层 | 包含宽带', '/images/5.jpg');
INSERT INTO `roomtypeandprice` VALUES ('大床房(单人/双人)', 188, '房间12㎡ | 大床1.5米 | 楼层：2层-4层 | 包含宽带', '/images/4.jpg');
INSERT INTO `roomtypeandprice` VALUES ('标准间(单人)', 178, '房间: 18平方米|小床1.2米|楼层: 1层 | 包含宽带', '/images/2.jpg');
INSERT INTO `roomtypeandprice` VALUES ('标准间(双人)', 258, '房间20-25㎡ | 双床1.2米| 楼层：2层-4层 | 包含宽带', '/images/1.jpg');
INSERT INTO `roomtypeandprice` VALUES ('高档套房(单人/双人)', 450, '房间: 16-20平方米|双大床1.5米|楼层: 2-5层| 包含宽带', '/images/3.jpg');

-- ----------------------------
-- Table structure for systemadministrator
-- ----------------------------
DROP TABLE IF EXISTS `systemadministrator`;
CREATE TABLE `systemadministrator`  (
  `userID` varchar(10) CHARACTER SET utf8 COLLATE utf8_bin NOT NULL,
  `userName` varchar(32) CHARACTER SET utf8 COLLATE utf8_bin NOT NULL,
  `userPassword` varchar(32) CHARACTER SET utf8 COLLATE utf8_bin NOT NULL,
  PRIMARY KEY (`userID`) USING BTREE,
  INDEX `indexSystemAdminIDPassword`(`userID`, `userPassword`) USING BTREE
) ENGINE = InnoDB CHARACTER SET = utf8 COLLATE = utf8_bin ROW_FORMAT = Dynamic;

-- ----------------------------
-- Records of systemadministrator
-- ----------------------------
INSERT INTO `systemadministrator` VALUES ('chiron', 'yf', '3342');
INSERT INTO `systemadministrator` VALUES ('lqq', '李巧巧', '1234');
INSERT INTO `systemadministrator` VALUES ('lx', '李轩', '1234');

-- ----------------------------
-- Table structure for timeextension
-- ----------------------------
DROP TABLE IF EXISTS `timeextension`;
CREATE TABLE `timeextension`  (
  `operatingID` int UNSIGNED NOT NULL AUTO_INCREMENT,
  `orderNumber` char(32) CHARACTER SET utf8 COLLATE utf8_bin NULL DEFAULT NULL,
  `oldExpiryDate` date NOT NULL,
  `newExpiryDate` date NOT NULL,
  `addedMoney` int UNSIGNED NOT NULL,
  PRIMARY KEY (`operatingID`) USING BTREE,
  INDEX `orderNumber`(`orderNumber`) USING BTREE,
  CONSTRAINT `timeextension_ibfk_1` FOREIGN KEY (`orderNumber`) REFERENCES `orders` (`orderNumber`) ON DELETE RESTRICT ON UPDATE RESTRICT
) ENGINE = InnoDB AUTO_INCREMENT = 1 CHARACTER SET = utf8 COLLATE = utf8_bin ROW_FORMAT = Dynamic;

-- ----------------------------
-- Records of timeextension
-- ----------------------------

-- ----------------------------
-- Table structure for viplevel
-- ----------------------------
DROP TABLE IF EXISTS `viplevel`;
CREATE TABLE `viplevel`  (
  `level` smallint NOT NULL,
  `discount` decimal(10, 2) UNSIGNED NULL DEFAULT NULL,
  `totalAmount` bigint NULL DEFAULT NULL,
  `remarks` varchar(32) CHARACTER SET utf8 COLLATE utf8_bin NULL DEFAULT NULL,
  PRIMARY KEY (`level`) USING BTREE
) ENGINE = InnoDB CHARACTER SET = utf8 COLLATE = utf8_bin ROW_FORMAT = Dynamic;

-- ----------------------------
-- Records of viplevel
-- ----------------------------
INSERT INTO `viplevel` VALUES (1, 0.99, 200, NULL);
INSERT INTO `viplevel` VALUES (2, 0.98, 500, NULL);
INSERT INTO `viplevel` VALUES (3, 0.97, 1000, NULL);
INSERT INTO `viplevel` VALUES (4, 0.96, 2000, NULL);
INSERT INTO `viplevel` VALUES (5, 0.95, 3000, NULL);
INSERT INTO `viplevel` VALUES (6, 0.94, 5000, NULL);

-- ----------------------------
-- Table structure for waiter
-- ----------------------------
DROP TABLE IF EXISTS `waiter`;
CREATE TABLE `waiter`  (
  `waiterID` varchar(10) CHARACTER SET utf8 COLLATE utf8_bin NOT NULL,
  `waiterName` varchar(32) CHARACTER SET utf8 COLLATE utf8_bin NOT NULL,
  `waiterBirthday` date NOT NULL,
  `waiterIDCard` char(18) CHARACTER SET utf8 COLLATE utf8_bin NOT NULL,
  `waiterPassword` varchar(32) CHARACTER SET utf8 COLLATE utf8_bin NOT NULL,
  `waiterJoinDate` date NOT NULL,
  `waiterPhoneNumber` char(11) CHARACTER SET utf8 COLLATE utf8_bin NULL DEFAULT NULL,
  `remarks` varchar(32) CHARACTER SET utf8 COLLATE utf8_bin NULL DEFAULT NULL,
  PRIMARY KEY (`waiterID`) USING BTREE,
  UNIQUE INDEX `waiterIDCard`(`waiterIDCard`) USING BTREE,
  UNIQUE INDEX `waiterPhoneNumber`(`waiterPhoneNumber`) USING BTREE,
  INDEX `indexWaiterIDPassword`(`waiterID`, `waiterPassword`) USING BTREE
) ENGINE = InnoDB CHARACTER SET = utf8 COLLATE = utf8_bin ROW_FORMAT = Dynamic;

-- ----------------------------
-- Records of waiter
-- ----------------------------
INSERT INTO `waiter` VALUES ('74893', 'fdsfd', '2000-01-01', '430826200001012234', '1234', '2018-01-01', '13256463546', 'ewe');
INSERT INTO `waiter` VALUES ('chiron', 'yf1', '1998-10-22', '430723199810226011', '3342', '2017-12-06', '13225632637', 'ppp');
INSERT INTO `waiter` VALUES ('lqq', '李巧巧', '2017-12-28', '340122199707014848', '1234', '2018-01-04', '13215636922', NULL);
INSERT INTO `waiter` VALUES ('lx', 'lx', '2017-12-21', '342623199807263812', '1234', '2017-12-05', '18856336515', NULL);
INSERT INTO `waiter` VALUES ('lx1', 'lx1', '2018-01-03', '123123124124124123', '1234', '2018-01-17', '13287879898', '1232null');
INSERT INTO `waiter` VALUES ('mm', 'nn', '1992-01-01', '430899199201011234', '1234', '2018-01-01', '13225632736', 'qwe');

-- ----------------------------
-- View structure for customerviplevelinfo
-- ----------------------------
DROP VIEW IF EXISTS `customerviplevelinfo`;
CREATE ALGORITHM = UNDEFINED SQL SECURITY DEFINER VIEW `customerviplevelinfo` AS select `customers`.`customerIDCard` AS `customerIDCard`,`customers`.`customerGender` AS `customerGender`,`customers`.`customerName` AS `customerName`,`customers`.`customerBirthday` AS `customerBirthday`,`customers`.`customerVIPLevel` AS `customerVIPLevel`,`customers`.`customerPhoneNumber` AS `customerPhoneNumber`,`customers`.`totalAmount` AS `totalAmount`,`customers`.`remarks` AS `remarks`,`viplevel`.`discount` AS `discount` from (`customers` join `viplevel`) where (`customers`.`customerVIPLevel` = `viplevel`.`level`);

-- ----------------------------
-- View structure for incomeview
-- ----------------------------
DROP VIEW IF EXISTS `incomeview`;
CREATE ALGORITHM = UNDEFINED SQL SECURITY DEFINER VIEW `incomeview` AS select `orders`.`checkOutTime` AS `co`,sum(`orders`.`totalMoney`) AS `tot`,count(0) AS `num` from `orders` where `orders`.`orderNumber` in (select `ordertracking`.`orderNumber` from `ordertracking` where (`ordertracking`.`checkOutTime` is not null)) group by `co`;

-- ----------------------------
-- View structure for orderviews
-- ----------------------------
DROP VIEW IF EXISTS `orderviews`;
CREATE ALGORITHM = UNDEFINED SQL SECURITY DEFINER VIEW `orderviews` AS select `orders`.`orderNumber` AS `orderNumber`,`orders`.`orderStatus` AS `orderStatus`,`customers`.`customerName` AS `customerName`,`room`.`roomNumber` AS `roomNumber`,`room`.`roomType` AS `roomType`,`orders`.`orderTime` AS `orderTime`,`orders`.`checkInTime` AS `checkInTime`,`orders`.`checkOutTime` AS `checkOutTime`,`customers`.`customerPhoneNumber` AS `customerPhoneNumber`,`orders`.`totalMoney` AS `totalMoney` from (((`orders` join `room`) join `customers`) join `roomtypeandprice`) where ((`orders`.`customerIDCard` = `customers`.`customerIDCard`) and (`room`.`roomType` = `roomtypeandprice`.`roomType`) and (`orders`.`roomNumber` = `room`.`roomNumber`)) order by `orders`.`orderNumber` desc;

-- ----------------------------
-- View structure for roominfo
-- ----------------------------
DROP VIEW IF EXISTS `roominfo`;
CREATE ALGORITHM = UNDEFINED SQL SECURITY DEFINER VIEW `roominfo` AS select `room`.`roomNumber` AS `roomNumber`,`room`.`roomType` AS `roomType`,`room`.`roomStatus` AS `roomStatus`,`room`.`remarks` AS `remarks`,`rp`.`price` AS `price`,`rp`.`desc` AS `desc`,`rp`.`url` AS `url` from (`room` join `roomtypeandprice` `rp`) where (`room`.`roomType` = `rp`.`roomType`);

-- ----------------------------
-- View structure for timeextensionordersview
-- ----------------------------
DROP VIEW IF EXISTS `timeextensionordersview`;
CREATE ALGORITHM = UNDEFINED SQL SECURITY DEFINER VIEW `timeextensionordersview` AS select `tt`.`orderNumber` AS `orderNumber`,`ct`.`customerName` AS `customerName`,`ct`.`customerPhoneNumber` AS `customerPhoneNumber`,`od`.`roomNumber` AS `roomNumber`,`od`.`checkInTime` AS `checkInTime`,`tt`.`oldExpiryDate` AS `oldExpiryDate`,`tt`.`newExpiryDate` AS `newExpiryDate`,`tt`.`addedMoney` AS `addedMoney` from ((`timeextension` `tt` join `orders` `od`) join `customers` `ct`) where ((`tt`.`orderNumber` = `od`.`orderNumber`) and (`od`.`customerIDCard` = `ct`.`customerIDCard`));

-- ----------------------------
-- Procedure structure for orderViewProc
-- ----------------------------
DROP PROCEDURE IF EXISTS `orderViewProc`;
delimiter ;;
CREATE PROCEDURE `orderViewProc`()
BEGIN
	SELECT
		* 
	FROM
		orderviews;

END
;;
delimiter ;

-- ----------------------------
-- Procedure structure for roomTypeProc
-- ----------------------------
DROP PROCEDURE IF EXISTS `roomTypeProc`;
delimiter ;;
CREATE PROCEDURE `roomTypeProc`()
BEGIN
	SELECT
		* 
	FROM
		roomtypeandprice;
END
;;
delimiter ;

-- ----------------------------
-- Procedure structure for selectCustomerProc
-- ----------------------------
DROP PROCEDURE IF EXISTS `selectCustomerProc`;
delimiter ;;
CREATE PROCEDURE `selectCustomerProc`(IN customerN VARCHAR(16))
BEGIN
	SELECT *
	FROM customerviplevelinfo
	WHERE customerName = customerN;
END
;;
delimiter ;

-- ----------------------------
-- Procedure structure for selectCustomerProc1
-- ----------------------------
DROP PROCEDURE IF EXISTS `selectCustomerProc1`;
delimiter ;;
CREATE PROCEDURE `selectCustomerProc1`(IN customerID CHAR(18))
BEGIN
	SELECT *
	FROM customerviplevelinfo
	WHERE customerIDCard = customerID;
END
;;
delimiter ;

-- ----------------------------
-- Procedure structure for selectOrderProc
-- ----------------------------
DROP PROCEDURE IF EXISTS `selectOrderProc`;
delimiter ;;
CREATE PROCEDURE `selectOrderProc`(IN orderNum CHAR(32))
BEGIN
	SELECT *
	FROM orderviews
	WHERE orderNumber = orderNum;
END
;;
delimiter ;

-- ----------------------------
-- Procedure structure for selectOrderProc1
-- ----------------------------
DROP PROCEDURE IF EXISTS `selectOrderProc1`;
delimiter ;;
CREATE PROCEDURE `selectOrderProc1`(IN customerN VARCHAR(16))
BEGIN
	SELECT *
	FROM orderviews
	WHERE customerName = customerN;
END
;;
delimiter ;

-- ----------------------------
-- Procedure structure for selectRoomInfoProc
-- ----------------------------
DROP PROCEDURE IF EXISTS `selectRoomInfoProc`;
delimiter ;;
CREATE PROCEDURE `selectRoomInfoProc`(IN roomNum CHAR(6))
BEGIN
	SELECT *
	FROM roominfo
	WHERE roomNumber = roomNum;
END
;;
delimiter ;

-- ----------------------------
-- Procedure structure for selectWaiterProc
-- ----------------------------
DROP PROCEDURE IF EXISTS `selectWaiterProc`;
delimiter ;;
CREATE PROCEDURE `selectWaiterProc`(IN waiterI VARCHAR(10))
BEGIN
SELECT *
	FROM waiter
	WHERE waiterID = waiterI;
END
;;
delimiter ;

-- ----------------------------
-- Procedure structure for selectWaiterProc1
-- ----------------------------
DROP PROCEDURE IF EXISTS `selectWaiterProc1`;
delimiter ;;
CREATE PROCEDURE `selectWaiterProc1`(IN waiterN VARCHAR(32))
BEGIN
SELECT *
	FROM waiter
	WHERE waiterName = waiterN;
END
;;
delimiter ;

-- ----------------------------
-- Triggers structure for table customers
-- ----------------------------
DROP TRIGGER IF EXISTS `insertCustomerLevelTrigger`;
delimiter ;;
CREATE TRIGGER `insertCustomerLevelTrigger` BEFORE INSERT ON `customers` FOR EACH ROW begin 
# 消费金额<200 VIP等级为1
				if new.totalAmount<200
					then 
					set new.customerVIPLevel =1 ;
# 200<消费金额<500 VIP等级为2					
				elseif  new.totalAmount<500
					then 
					set new.customerVIPLevel =2 ;
# 500<消费金额<1000 VIP等级为3					
				elseif new.totalAmount<1000
					then 
					set new.customerVIPLevel =3 ;
# 1000<消费金额<2000 VIP等级为4
				elseif new.totalAmount<2000
					then 
					set new.customerVIPLevel =4 ;
# 2000<消费金额<3000 VIP等级为5				
				elseif new.totalAmount<3000
					then 
					set new.customerVIPLevel =5 ;
# 3000<消费金额<5000 VIP等级为6					
				elseif new.totalAmount<5000
					then 
					set new.customerVIPLevel =6 ;
					end if;
			end
;;
delimiter ;

-- ----------------------------
-- Triggers structure for table customers
-- ----------------------------
DROP TRIGGER IF EXISTS `updateCustomerLevelTrigger`;
delimiter ;;
CREATE TRIGGER `updateCustomerLevelTrigger` BEFORE UPDATE ON `customers` FOR EACH ROW begin 
				if new.totalAmount<200
					then 
					set new.customerVIPLevel =1 ;
					
				elseif  new.totalAmount<500
					then 
					set new.customerVIPLevel =2 ;
					
				elseif new.totalAmount<1000
					then 
					set new.customerVIPLevel =3 ;
				elseif new.totalAmount<2000
					then 
					set new.customerVIPLevel =4 ;
				elseif new.totalAmount<3000
					then 
					set new.customerVIPLevel =5 ;
				elseif new.totalAmount<5000
					then 
					set new.customerVIPLevel =6 ;
					end if;
			end
;;
delimiter ;

-- ----------------------------
-- Triggers structure for table orders
-- ----------------------------
DROP TRIGGER IF EXISTS `insertAddMoneyToOrdersTrigger`;
delimiter ;;
CREATE TRIGGER `insertAddMoneyToOrdersTrigger` BEFORE INSERT ON `orders` FOR EACH ROW begin 
				UPDATE customers set totalAmount=totalAmount+new.totalMoney where customerIDCard=new.customerIDCard ;
			end
;;
delimiter ;

-- ----------------------------
-- Triggers structure for table orders
-- ----------------------------
DROP TRIGGER IF EXISTS `updateOrderStatustoTrackingTrigger`;
delimiter ;;
CREATE TRIGGER `updateOrderStatustoTrackingTrigger` BEFORE UPDATE ON `orders` FOR EACH ROW begin 
				
				if new.orderStatus='已入住'
					then
					update orderTracking set checkInTime=new.checkInTime  where orderNumber=new.orderNumber ;
				elseif new.orderStatus='已退房'
					then 
					update orderTracking set checkOutTime=new.checkOutTime where orderNumber=new.orderNumber ;
				end if ;
			end
;;
delimiter ;

-- ----------------------------
-- Triggers structure for table orders
-- ----------------------------
DROP TRIGGER IF EXISTS `updateRoomStatusByOrdersTrigger`;
delimiter ;;
CREATE TRIGGER `updateRoomStatusByOrdersTrigger` BEFORE UPDATE ON `orders` FOR EACH ROW begin 
				if new.orderStatus='已入住'
					then
					update room  set roomStatus='非空' where roomNumber=new.roomNumber ;
				elseif new.orderStatus='已退房'
					then 
					update room  set roomStatus='空' where roomNumber=new.roomNumber ;
				end if ;
			end
;;
delimiter ;

-- ----------------------------
-- Triggers structure for table orders
-- ----------------------------
DROP TRIGGER IF EXISTS `insertOrderStatusToTrackingTrigger`;
delimiter ;;
CREATE TRIGGER `insertOrderStatusToTrackingTrigger` AFTER INSERT ON `orders` FOR EACH ROW begin 
				if new.orderStatus='预定中'
					then
					INSERT INTO ordertracking VALUES ( new.orderNumber, new.orderTime , NULL, NULL, NULL);
				elseif new.orderStatus='已入住'
					then
					INSERT INTO ordertracking VALUES ( new.orderNumber, new.orderTime , NULL, NULL, NULL);
					update orderTracking set checkInTime=new.checkInTime ,orderTime=new.checkInTime where orderNumber=new.orderNumber ;
				elseif new.orderStatus='已退房' 
					then
					INSERT INTO ordertracking VALUES ( new.orderNumber, new.orderTime , NULL, NULL, NULL);
					update orderTracking set checkInTime=new.checkInTime ,orderTime=new.checkInTime,checkOutTime=new.checkOutTime where orderNumber=new.orderNumber ;
				end if ;
			end
;;
delimiter ;

-- ----------------------------
-- Triggers structure for table orders
-- ----------------------------
DROP TRIGGER IF EXISTS `insertRoomStatusByOrdersTrigger`;
delimiter ;;
CREATE TRIGGER `insertRoomStatusByOrdersTrigger` AFTER INSERT ON `orders` FOR EACH ROW begin 
				if new.orderStatus='已入住'
					then
					update room  set roomStatus='非空' where roomNumber=new.roomNumber ;
				elseif new.orderStatus='已退房'
					then 
					update room  set roomStatus='空' where roomNumber=new.roomNumber ;
				end if ;
			end
;;
delimiter ;

-- ----------------------------
-- Triggers structure for table orders
-- ----------------------------
DROP TRIGGER IF EXISTS `insertOrdersNumber`;
delimiter ;;
CREATE TRIGGER `insertOrdersNumber` BEFORE INSERT ON `orders` FOR EACH ROW BEGIN
declare n varchar(32);
if n is null then
    begin
        set n=1;
    end;
end if;
SELECT
	COUNT(*) INTO n
FROM
	orders;
set NEW.orderNumber=concat(DATE_FORMAT(CURDATE(), '%Y%m%d%H%m%s'), right(10000 + n, 4));
END
;;
delimiter ;

-- ----------------------------
-- Triggers structure for table timeextension
-- ----------------------------
DROP TRIGGER IF EXISTS `insertMoneyToTimeExtensionTrigger`;
delimiter ;;
CREATE TRIGGER `insertMoneyToTimeExtensionTrigger` BEFORE INSERT ON `timeextension` FOR EACH ROW begin 
				
				UPDATE orders set totalMoney=totalMoney+new.addedMoney where  orderNumber=new.orderNumber ;
				UPDATE customers set totalAmount=totalAmount+new.addedMoney  WHERE customerIDCard = (select customerIDCard from orders where new.orderNumber=orderNumber) ;
			end
;;
delimiter ;

SET FOREIGN_KEY_CHECKS = 1;
